,Unnamed: 0,EVENTMSGACTIONTYPE,EVENTMSGTYPE,EVENTNUM,GAME_ID,HOMEDESCRIPTION,NEUTRALDESCRIPTION,PCTIMESTRING,PERIOD,PERSON1TYPE,PERSON2TYPE,PERSON3TYPE,PLAYER1_ID,PLAYER1_NAME,PLAYER1_TEAM_ABBREVIATION,PLAYER1_TEAM_CITY,PLAYER1_TEAM_ID,PLAYER1_TEAM_NICKNAME,PLAYER2_ID,PLAYER2_NAME,PLAYER2_TEAM_ABBREVIATION,PLAYER2_TEAM_CITY,PLAYER2_TEAM_ID,PLAYER2_TEAM_NICKNAME,PLAYER3_ID,PLAYER3_NAME,PLAYER3_TEAM_ABBREVIATION,PLAYER3_TEAM_CITY,PLAYER3_TEAM_ID,PLAYER3_TEAM_NICKNAME,SCORE,SCOREMARGIN,VISITORDESCRIPTION,WCTIMESTRING
381241,0,0,12,0,21500492,,,12:00,1,0.0,0,0,0,,,,,,0,,,,,,0,,,,,,,,,7:41 PM
381242,1,0,10,1,21500492,Jump Ball Valanciunas vs. Zeller: Tip to Lowry,,12:00,1,4.0,5,4,202685,Jonas Valanciunas,TOR,Toronto,1610612761.0,Raptors,203469,Cody Zeller,CHA,Charlotte,1610612766.0,Hornets,200768,Kyle Lowry,TOR,Toronto,1610612761.0,Raptors,,,,7:41 PM
381243,2,101,2,2,21500492,MISS Scola 5' Driving Floating Jump Shot,,11:41,1,4.0,0,5,2449,Luis Scola,TOR,Toronto,1610612761.0,Raptors,0,,,,,,203469,Cody Zeller,CHA,Charlotte,1610612766.0,Hornets,,,Zeller BLOCK (1 BLK),7:42 PM
381244,3,0,4,3,21500492,Valanciunas REBOUND (Off:1 Def:0),,11:39,1,4.0,0,0,202685,Jonas Valanciunas,TOR,Toronto,1610612761.0,Raptors,0,,,,,,0,,,,,,,,,7:42 PM
381245,4,87,1,4,21500492,Valanciunas  Putback Dunk (2 PTS),,11:35,1,4.0,0,0,202685,Jonas Valanciunas,TOR,Toronto,1610612761.0,Raptors,0,,,,,,0,,,,,,0 - 2,2,,7:42 PM
381246,5,48,1,5,21500492,,,11:25,1,5.0,5,0,203469,Cody Zeller,CHA,Charlotte,1610612766.0,Hornets,201587,Nicolas Batum,CHA,Charlotte,1610612766.0,Hornets,0,,,,,,2 - 2,TIE,Zeller 1' Dunk (2 PTS) (Batum 1 AST),7:42 PM
381247,6,86,2,6,21500492,MISS Lowry 16' Turnaround Fadeaway Shot,,11:06,1,4.0,0,0,200768,Kyle Lowry,TOR,Toronto,1610612761.0,Raptors,0,,,,,,0,,,,,,,,,7:42 PM
381248,7,0,4,7,21500492,,,11:06,1,5.0,0,0,101107,Marvin Williams,CHA,Charlotte,1610612766.0,Hornets,0,,,,,,0,,,,,,,,Williams REBOUND (Off:0 Def:1),7:42 PM
381249,8,81,1,9,21500492,,,10:59,1,5.0,0,0,201587,Nicolas Batum,CHA,Charlotte,1610612766.0,Hornets,0,,,,,,0,,,,,,4 - 2,-2,Batum 16' Pullup Bank Shot (2 PTS),7:42 PM
381250,9,2,6,10,21500492,,,10:33,1,5.0,4,1,203469,Cody Zeller,CHA,Charlotte,1610612766.0,Hornets,202685,Jonas Valanciunas,TOR,Toronto,1610612761.0,Raptors,0,,,,,,,,Zeller S.FOUL (P1.T1) (M.Davis),7:43 PM
381251,10,11,3,11,21500492,Valanciunas Free Throw 1 of 2 (3 PTS),,10:33,1,4.0,0,0,202685,Jonas Valanciunas,TOR,Toronto,1610612761.0,Raptors,0,,,,,,0,,,,,,4 - 3,-1,,7:43 PM
381252,11,12,3,13,21500492,Valanciunas Free Throw 2 of 2 (4 PTS),,10:33,1,4.0,0,0,202685,Jonas Valanciunas,TOR,Toronto,1610612761.0,Raptors,0,,,,,,0,,,,,,4 - 4,TIE,,7:43 PM
381253,12,1,2,16,21500492,,,10:20,1,5.0,0,0,201587,Nicolas Batum,CHA,Charlotte,1610612766.0,Hornets,0,,,,,,0,,,,,,,,MISS Batum 18' Jump Shot,7:44 PM
381254,13,0,4,17,21500492,Scola REBOUND (Off:0 Def:1),,10:18,1,4.0,0,0,2449,Luis Scola,TOR,Toronto,1610612761.0,Raptors,0,,,,,,0,,,,,,,,,7:44 PM
381255,14,102,2,18,21500492,MISS DeRozan 5' Driving Floating Bank Jump Shot,,9:56,1,4.0,0,0,201942,DeMar DeRozan,TOR,Toronto,1610612761.0,Raptors,0,,,,,,0,,,,,,,,,7:44 PM
381256,15,0,4,19,21500492,Scola REBOUND (Off:1 Def:1),,9:55,1,4.0,0,0,2449,Luis Scola,TOR,Toronto,1610612761.0,Raptors,0,,,,,,0,,,,,,,,,7:44 PM
381257,16,97,2,20,21500492,MISS Scola 2' Tip Layup Shot,,9:53,1,4.0,0,0,2449,Luis Scola,TOR,Toronto,1610612761.0,Raptors,0,,,,,,0,,,,,,,,,7:44 PM
381258,17,0,4,21,21500492,Scola REBOUND (Off:2 Def:1),,9:52,1,4.0,0,0,2449,Luis Scola,TOR,Toronto,1610612761.0,Raptors,0,,,,,,0,,,,,,,,,7:44 PM
381259,18,72,2,22,21500492,MISS Scola 2' Putback Layup,,9:50,1,4.0,0,5,2449,Luis Scola,TOR,Toronto,1610612761.0,Raptors,0,,,,,,101107,Marvin Williams,CHA,Charlotte,1610612766.0,Hornets,,,Williams BLOCK (1 BLK),7:44 PM
381260,19,0,4,23,21500492,,,9:49,1,5.0,0,0,203469,Cody Zeller,CHA,Charlotte,1610612766.0,Hornets,0,,,,,,0,,,,,,,,Zeller REBOUND (Off:0 Def:1),7:44 PM
381261,20,100,1,24,21500492,,,9:45,1,5.0,5,0,203469,Cody Zeller,CHA,Charlotte,1610612766.0,Hornets,202689,Kemba Walker,CHA,Charlotte,1610612766.0,Hornets,0,,,,,,6 - 4,-2,Zeller 1' Running Alley Oop Layup Shot (4 PTS) (Walker 1 AST),7:44 PM
381262,21,1,5,25,21500492,DeRozan Bad Pass Turnover (P1.T1),,9:33,1,4.0,5,0,201942,DeMar DeRozan,TOR,Toronto,1610612761.0,Raptors,202689,Kemba Walker,CHA,Charlotte,1610612766.0,Hornets,0,,,,,,,,Walker STEAL (1 STL),7:44 PM
381263,22,41,2,26,21500492,,,9:27,1,5.0,0,0,203469,Cody Zeller,CHA,Charlotte,1610612766.0,Hornets,0,,,,,,0,,,,,,,,MISS Zeller 2' Running Layup,7:44 PM
381264,23,0,4,27,21500492,Carroll REBOUND (Off:0 Def:1),,9:26,1,4.0,0,0,201960,DeMarre Carroll,TOR,Toronto,1610612761.0,Raptors,0,,,,,,0,,,,,,,,,7:45 PM
381265,24,1,1,28,21500492,DeRozan 24' 3PT Jump Shot (3 PTS) (Lowry 1 AST),,9:13,1,4.0,4,0,201942,DeMar DeRozan,TOR,Toronto,1610612761.0,Raptors,200768,Kyle Lowry,TOR,Toronto,1610612761.0,Raptors,0,,,,,,6 - 7,1,,7:45 PM
381266,25,79,1,29,21500492,,,8:54,1,5.0,0,0,203798,PJ Hairston,CHA,Charlotte,1610612766.0,Hornets,0,,,,,,0,,,,,,8 - 7,-1,Hairston 20' Pullup Jump Shot (2 PTS),7:45 PM
381267,26,98,1,30,21500492,Lowry 1' Cutting Layup Shot (2 PTS) (Valanciunas 1 AST),,8:34,1,4.0,4,0,200768,Kyle Lowry,TOR,Toronto,1610612761.0,Raptors,202685,Jonas Valanciunas,TOR,Toronto,1610612761.0,Raptors,0,,,,,,8 - 9,1,,7:45 PM
381268,27,1,2,31,21500492,,,8:22,1,5.0,0,0,101107,Marvin Williams,CHA,Charlotte,1610612766.0,Hornets,0,,,,,,0,,,,,,,,MISS Williams 25' 3PT Jump Shot,7:46 PM
381269,28,0,4,32,21500492,Lowry REBOUND (Off:0 Def:1),,8:21,1,4.0,0,0,200768,Kyle Lowry,TOR,Toronto,1610612761.0,Raptors,0,,,,,,0,,,,,,,,,7:46 PM
381270,29,1,2,33,21500492,MISS Lowry 24' 3PT Jump Shot,,8:10,1,4.0,0,0,200768,Kyle Lowry,TOR,Toronto,1610612761.0,Raptors,0,,,,,,0,,,,,,,,,7:46 PM
381271,30,0,4,34,21500492,,,8:10,1,5.0,0,0,101107,Marvin Williams,CHA,Charlotte,1610612766.0,Hornets,0,,,,,,0,,,,,,,,Williams REBOUND (Off:0 Def:2),7:46 PM
381272,31,1,5,35,21500492,DeRozan STEAL (1 STL),,8:06,1,5.0,4,0,101107,Marvin Williams,CHA,Charlotte,1610612766.0,Hornets,201942,DeMar DeRozan,TOR,Toronto,1610612761.0,Raptors,0,,,,,,,,Williams Bad Pass Turnover (P1.T1),7:46 PM
381273,32,1,1,36,21500492,Scola  3PT Jump Shot (3 PTS) (Lowry 2 AST),,7:50,1,4.0,4,0,2449,Luis Scola,TOR,Toronto,1610612761.0,Raptors,200768,Kyle Lowry,TOR,Toronto,1610612761.0,Raptors,0,,,,,,8 - 12,4,,7:46 PM
381274,33,1,9,37,21500492,,,7:42,1,3.0,0,0,1610612766,,,,,,0,,,,,,0,,,,,,,,Hornets Timeout: Regular (Reg.1 Short 0),7:46 PM
381275,34,1,7,41,21500492,,,7:42,1,3.0,0,1,1610612766,,,,,,0,,,,,,0,,,,,,,,Hornets Violation: Delay of game Violation,7:49 PM
381276,35,63,2,42,21500492,,,7:29,1,5.0,0,0,201587,Nicolas Batum,CHA,Charlotte,1610612766.0,Hornets,0,,,,,,0,,,,,,,,MISS Batum 16' Fadeaway Jumper,7:49 PM
381277,36,0,4,43,21500492,,,7:28,1,5.0,0,0,203469,Cody Zeller,CHA,Charlotte,1610612766.0,Hornets,0,,,,,,0,,,,,,,,Zeller REBOUND (Off:1 Def:1),7:49 PM
381278,37,1,2,44,21500492,,,7:23,1,5.0,0,0,202689,Kemba Walker,CHA,Charlotte,1610612766.0,Hornets,0,,,,,,0,,,,,,,,MISS Walker 24' 3PT Jump Shot,7:49 PM
381279,38,0,4,45,21500492,Scola REBOUND (Off:2 Def:2),,7:22,1,4.0,0,0,2449,Luis Scola,TOR,Toronto,1610612761.0,Raptors,0,,,,,,0,,,,,,,,,7:49 PM
381280,39,1,5,46,21500492,Lowry Bad Pass Turnover (P1.T2),,7:16,1,4.0,5,0,200768,Kyle Lowry,TOR,Toronto,1610612761.0,Raptors,202689,Kemba Walker,CHA,Charlotte,1610612766.0,Hornets,0,,,,,,,,Walker STEAL (2 STL),7:49 PM
381281,40,46,1,47,21500492,,,7:09,1,5.0,5,0,101107,Marvin Williams,CHA,Charlotte,1610612766.0,Hornets,202689,Kemba Walker,CHA,Charlotte,1610612766.0,Hornets,0,,,,,,10 - 12,2,Williams 1' Running Jump Shot (2 PTS) (Walker 2 AST),7:49 PM
381282,41,1,1,48,21500492,Carroll 24' 3PT Jump Shot (3 PTS) (Valanciunas 2 AST),,6:53,1,4.0,4,0,201960,DeMarre Carroll,TOR,Toronto,1610612761.0,Raptors,202685,Jonas Valanciunas,TOR,Toronto,1610612761.0,Raptors,0,,,,,,10 - 15,5,,7:50 PM
381283,42,79,2,49,21500492,,,6:32,1,5.0,0,0,202689,Kemba Walker,CHA,Charlotte,1610612766.0,Hornets,0,,,,,,0,,,,,,,,MISS Walker 14' Pullup Jump Shot,7:50 PM
381284,43,0,4,50,21500492,Valanciunas REBOUND (Off:1 Def:1),,6:32,1,4.0,0,0,202685,Jonas Valanciunas,TOR,Toronto,1610612761.0,Raptors,0,,,,,,0,,,,,,,,,7:50 PM
381285,44,1,2,51,21500492,MISS Scola 25' 3PT Jump Shot,,6:25,1,4.0,0,0,2449,Luis Scola,TOR,Toronto,1610612761.0,Raptors,0,,,,,,0,,,,,,,,,7:50 PM
381286,45,0,4,52,21500492,,,6:24,1,5.0,0,0,203798,PJ Hairston,CHA,Charlotte,1610612766.0,Hornets,0,,,,,,0,,,,,,,,Hairston REBOUND (Off:0 Def:1),7:50 PM
381287,46,2,6,53,21500492,DeRozan S.FOUL (P1.T1) (S.Corbin),,6:14,1,4.0,5,1,201942,DeMar DeRozan,TOR,Toronto,1610612761.0,Raptors,203469,Cody Zeller,CHA,Charlotte,1610612766.0,Hornets,0,,,,,,,,,7:50 PM
381288,47,11,3,54,21500492,,,6:14,1,5.0,0,0,203469,Cody Zeller,CHA,Charlotte,1610612766.0,Hornets,0,,,,,,0,,,,,,11 - 15,4,Zeller Free Throw 1 of 2 (5 PTS),7:51 PM
381289,48,12,3,56,21500492,,,6:14,1,5.0,0,0,203469,Cody Zeller,CHA,Charlotte,1610612766.0,Hornets,0,,,,,,0,,,,,,12 - 15,3,Zeller Free Throw 2 of 2 (6 PTS),7:51 PM
381290,49,45,5,59,21500492,Lowry Out of Bounds - Bad Pass Turnover Turnover (P2.T3),,5:56,1,4.0,0,1,200768,Kyle Lowry,TOR,Toronto,1610612761.0,Raptors,0,,,,,,0,,,,,,,,,7:51 PM
381291,50,1,6,60,21500492,Scola P.FOUL (P1.T2) (S.Corbin),,5:48,1,4.0,5,1,2449,Luis Scola,TOR,Toronto,1610612761.0,Raptors,203469,Cody Zeller,CHA,Charlotte,1610612766.0,Hornets,0,,,,,,,,,7:52 PM
381292,51,101,1,61,21500492,,,5:42,1,5.0,0,0,201587,Nicolas Batum,CHA,Charlotte,1610612766.0,Hornets,0,,,,,,0,,,,,,15 - 15,TIE,Batum 24' 3PT Driving Floating Jump Shot (5 PTS),7:52 PM
381293,52,1,1,62,21500492,Carroll 24' 3PT Jump Shot (6 PTS) (DeRozan 1 AST),,5:18,1,4.0,4,0,201960,DeMarre Carroll,TOR,Toronto,1610612761.0,Raptors,201942,DeMar DeRozan,TOR,Toronto,1610612761.0,Raptors,0,,,,,,15 - 18,3,,7:53 PM
381294,53,1,1,63,21500492,,,4:58,1,5.0,5,0,101107,Marvin Williams,CHA,Charlotte,1610612766.0,Hornets,203469,Cody Zeller,CHA,Charlotte,1610612766.0,Hornets,0,,,,,,18 - 18,TIE,Williams 24' 3PT Jump Shot (5 PTS) (Zeller 1 AST),7:53 PM
381295,54,42,1,64,21500492,DeRozan 2' Driving Layup (5 PTS),,4:43,1,4.0,0,0,201942,DeMar DeRozan,TOR,Toronto,1610612761.0,Raptors,0,,,,,,0,,,,,,18 - 20,2,,7:53 PM
381296,55,2,9,65,21500492,,,4:35,1,3.0,0,0,1610612766,,,,,,0,,,,,,0,,,,,,,,Hornets Timeout: Short (Reg.1 Short 1),7:53 PM
381297,56,0,8,66,21500492,SUB: Ross FOR Carroll,,4:35,1,4.0,4,0,201960,DeMarre Carroll,TOR,Toronto,1610612761.0,Raptors,203082,Terrence Ross,TOR,Toronto,1610612761.0,Raptors,0,,,,,,,,,7:54 PM
381298,57,0,8,67,21500492,,,4:35,1,5.0,5,0,101107,Marvin Williams,CHA,Charlotte,1610612766.0,Hornets,1626163,Frank Kaminsky,CHA,Charlotte,1610612766.0,Hornets,0,,,,,,,,SUB: Kaminsky FOR Williams,7:54 PM
381299,58,2,6,68,21500492,Valanciunas S.FOUL (P1.T3) (M.Davis),,4:22,1,4.0,5,1,202685,Jonas Valanciunas,TOR,Toronto,1610612761.0,Raptors,203469,Cody Zeller,CHA,Charlotte,1610612766.0,Hornets,0,,,,,,,,,7:55 PM
381300,59,11,3,69,21500492,,,4:22,1,5.0,0,0,203469,Cody Zeller,CHA,Charlotte,1610612766.0,Hornets,0,,,,,,0,,,,,,,,MISS Zeller Free Throw 1 of 2,7:55 PM
381301,60,1,4,70,21500492,,,4:22,1,3.0,0,0,1610612766,,,,,,0,,,,,,0,,,,,,,,Hornets Rebound,7:55 PM
381302,61,0,8,71,21500492,SUB: Patterson FOR Scola,,4:22,1,4.0,4,0,2449,Luis Scola,TOR,Toronto,1610612761.0,Raptors,202335,Patrick Patterson,TOR,Toronto,1610612761.0,Raptors,0,,,,,,,,,7:55 PM
381303,62,12,3,72,21500492,,,4:22,1,5.0,0,0,203469,Cody Zeller,CHA,Charlotte,1610612766.0,Hornets,0,,,,,,0,,,,,,19 - 20,1,Zeller Free Throw 2 of 2 (7 PTS),7:55 PM
381304,63,79,1,75,21500492,DeRozan 17' Pullup Jump Shot (7 PTS),,4:03,1,4.0,0,0,201942,DeMar DeRozan,TOR,Toronto,1610612761.0,Raptors,0,,,,,,0,,,,,,19 - 22,3,,7:56 PM
381305,64,1,2,76,21500492,,,3:46,1,5.0,0,0,1626163,Frank Kaminsky,CHA,Charlotte,1610612766.0,Hornets,0,,,,,,0,,,,,,,,MISS Kaminsky 25' 3PT Jump Shot,7:56 PM
381306,65,0,4,77,21500492,,,3:45,1,5.0,0,0,203469,Cody Zeller,CHA,Charlotte,1610612766.0,Hornets,0,,,,,,0,,,,,,,,Zeller REBOUND (Off:2 Def:1),7:56 PM
381307,66,1,2,78,21500492,,,3:39,1,5.0,0,0,202689,Kemba Walker,CHA,Charlotte,1610612766.0,Hornets,0,,,,,,0,,,,,,,,MISS Walker 24' 3PT Jump Shot,7:56 PM
381308,67,0,4,79,21500492,,,3:38,1,5.0,0,0,203798,PJ Hairston,CHA,Charlotte,1610612766.0,Hornets,0,,,,,,0,,,,,,,,Hairston REBOUND (Off:1 Def:1),7:56 PM
381309,68,97,2,81,21500492,,,3:33,1,5.0,0,0,203798,PJ Hairston,CHA,Charlotte,1610612766.0,Hornets,0,,,,,,0,,,,,,,,MISS Hairston 2' Tip Layup Shot,7:56 PM
381310,69,0,4,80,21500492,Lowry REBOUND (Off:0 Def:2),,3:32,1,4.0,0,0,200768,Kyle Lowry,TOR,Toronto,1610612761.0,Raptors,0,,,,,,0,,,,,,,,,7:56 PM
381311,70,45,5,82,21500492,Lowry Out of Bounds - Bad Pass Turnover Turnover (P3.T4),,3:29,1,4.0,0,1,200768,Kyle Lowry,TOR,Toronto,1610612761.0,Raptors,0,,,,,,0,,,,,,,,,7:57 PM
381312,71,0,8,83,21500492,,,3:29,1,5.0,5,0,201587,Nicolas Batum,CHA,Charlotte,1610612766.0,Hornets,203087,Jeremy Lamb,CHA,Charlotte,1610612766.0,Hornets,0,,,,,,,,SUB: Lamb FOR Batum,7:57 PM
381313,72,0,8,84,21500492,SUB: Biyombo FOR Valanciunas,,3:29,1,4.0,4,0,202685,Jonas Valanciunas,TOR,Toronto,1610612761.0,Raptors,202687,Bismack Biyombo,TOR,Toronto,1610612761.0,Raptors,0,,,,,,,,,7:57 PM
381314,73,1,1,86,21500492,,,3:11,1,5.0,5,0,203087,Jeremy Lamb,CHA,Charlotte,1610612766.0,Hornets,202689,Kemba Walker,CHA,Charlotte,1610612766.0,Hornets,0,,,,,,22 - 22,TIE,Lamb  3PT Jump Shot (3 PTS) (Walker 3 AST),7:58 PM
381315,74,1,2,87,21500492,MISS Patterson 25' 3PT Jump Shot,,2:52,1,4.0,0,0,202335,Patrick Patterson,TOR,Toronto,1610612761.0,Raptors,0,,,,,,0,,,,,,,,,7:58 PM
381316,75,0,4,88,21500492,,,2:51,1,5.0,0,0,203798,PJ Hairston,CHA,Charlotte,1610612766.0,Hornets,0,,,,,,0,,,,,,,,Hairston REBOUND (Off:1 Def:2),7:58 PM
381317,76,1,2,89,21500492,,,2:43,1,5.0,0,0,202689,Kemba Walker,CHA,Charlotte,1610612766.0,Hornets,0,,,,,,0,,,,,,,,MISS Walker 8' Jump Shot,7:58 PM
381318,77,0,4,90,21500492,,,2:42,1,5.0,0,0,203469,Cody Zeller,CHA,Charlotte,1610612766.0,Hornets,0,,,,,,0,,,,,,,,Zeller REBOUND (Off:3 Def:1),7:58 PM
381319,78,97,2,91,21500492,,,2:39,1,5.0,0,0,203469,Cody Zeller,CHA,Charlotte,1610612766.0,Hornets,0,,,,,,0,,,,,,,,MISS Zeller 4' Tip Layup Shot,7:58 PM
381320,79,0,4,92,21500492,Biyombo REBOUND (Off:0 Def:1),,2:38,1,4.0,0,0,202687,Bismack Biyombo,TOR,Toronto,1610612761.0,Raptors,0,,,,,,0,,,,,,,,,7:58 PM
381321,80,5,2,93,21500492,MISS DeRozan 2' Layup,,2:33,1,4.0,0,0,201942,DeMar DeRozan,TOR,Toronto,1610612761.0,Raptors,0,,,,,,0,,,,,,,,,7:58 PM
381322,81,0,4,94,21500492,RAPTORS Rebound,,2:33,1,2.0,0,0,1610612761,,,,,,0,,,,,,0,,,,,,,,,7:58 PM
381323,82,1,9,95,21500492,RAPTORS Timeout: Regular (Full 1 Short 0),,2:33,1,2.0,0,0,1610612761,,,,,,0,,,,,,0,,,,,,,,,7:58 PM
381324,83,0,18,96,21500492,,,2:33,1,,0,1,61,Carl Herrera,,,,,0,,,,,,0,,,,,,,,,7:59 PM
381325,84,0,8,97,21500492,,,2:33,1,5.0,5,0,203798,PJ Hairston,CHA,Charlotte,1610612766.0,Hornets,203148,Brian Roberts,CHA,Charlotte,1610612766.0,Hornets,0,,,,,,,,SUB: Roberts FOR Hairston,8:00 PM
381326,85,0,8,98,21500492,,,2:33,1,5.0,5,0,203469,Cody Zeller,CHA,Charlotte,1610612766.0,Hornets,201946,Tyler Hansbrough,CHA,Charlotte,1610612766.0,Hornets,0,,,,,,,,SUB: Hansbrough FOR Zeller,8:00 PM
381327,86,0,8,99,21500492,SUB: Joseph FOR Lowry,,2:33,1,4.0,4,0,200768,Kyle Lowry,TOR,Toronto,1610612761.0,Raptors,202709,Cory Joseph,TOR,Toronto,1610612761.0,Raptors,0,,,,,,,,,8:01 PM
381328,87,101,2,101,21500492,MISS DeRozan 7' Driving Floating Jump Shot,,2:25,1,4.0,0,0,201942,DeMar DeRozan,TOR,Toronto,1610612761.0,Raptors,0,,,,,,0,,,,,,,,,8:01 PM
381329,88,0,4,102,21500492,,,2:24,1,5.0,0,0,1626163,Frank Kaminsky,CHA,Charlotte,1610612766.0,Hornets,0,,,,,,0,,,,,,,,Kaminsky REBOUND (Off:0 Def:1),8:01 PM
381330,89,2,5,103,21500492,Patterson STEAL (1 STL),,2:22,1,5.0,4,0,1626163,Frank Kaminsky,CHA,Charlotte,1610612766.0,Hornets,202335,Patrick Patterson,TOR,Toronto,1610612761.0,Raptors,0,,,,,,,,Kaminsky Lost Ball Turnover (P1.T2),8:01 PM
381331,90,17,6,104,21500492,,,2:13,1,5.0,0,1,201946,Tyler Hansbrough,CHA,Charlotte,1610612766.0,Hornets,0,,,,,,0,,,,,,,,Hornets T.Foul (Def. 3 Sec Hansbrough ) (S.Corbin),8:01 PM
381332,91,16,3,105,21500492,DeRozan Free Throw Technical (8 PTS),,2:13,1,4.0,0,0,201942,DeMar DeRozan,TOR,Toronto,1610612761.0,Raptors,0,,,,,,0,,,,,,22 - 23,1,,8:01 PM
381333,92,79,1,107,21500492,Joseph 20' Pullup Jump Shot (2 PTS),,2:01,1,4.0,0,0,202709,Cory Joseph,TOR,Toronto,1610612761.0,Raptors,0,,,,,,0,,,,,,22 - 25,3,,8:02 PM
381334,93,1,6,108,21500492,Ross P.FOUL (P1.T4) (M.Boland),,1:52,1,4.0,5,1,203082,Terrence Ross,TOR,Toronto,1610612761.0,Raptors,203148,Brian Roberts,CHA,Charlotte,1610612766.0,Hornets,0,,,,,,,,,8:02 PM
381335,94,2,6,109,21500492,Ross S.FOUL (P2.PN) (S.Corbin),,1:44,1,4.0,5,1,203082,Terrence Ross,TOR,Toronto,1610612761.0,Raptors,203148,Brian Roberts,CHA,Charlotte,1610612766.0,Hornets,0,,,,,,,,,8:02 PM
381336,95,11,3,110,21500492,,,1:44,1,5.0,0,0,203148,Brian Roberts,CHA,Charlotte,1610612766.0,Hornets,0,,,,,,0,,,,,,23 - 25,2,Roberts Free Throw 1 of 2 (1 PTS),8:03 PM
381337,96,12,3,112,21500492,,,1:44,1,5.0,0,0,203148,Brian Roberts,CHA,Charlotte,1610612766.0,Hornets,0,,,,,,0,,,,,,24 - 25,1,Roberts Free Throw 2 of 2 (2 PTS),8:03 PM
381338,97,102,2,114,21500492,MISS Patterson 7' Driving Floating Bank Jump Shot,,1:25,1,4.0,0,0,202335,Patrick Patterson,TOR,Toronto,1610612761.0,Raptors,0,,,,,,0,,,,,,,,,8:03 PM
381339,98,0,4,115,21500492,,,1:25,1,5.0,0,0,1626163,Frank Kaminsky,CHA,Charlotte,1610612766.0,Hornets,0,,,,,,0,,,,,,,,Kaminsky REBOUND (Off:0 Def:2),8:03 PM
381340,99,75,1,116,21500492,,,1:14,1,5.0,0,0,202689,Kemba Walker,CHA,Charlotte,1610612766.0,Hornets,0,,,,,,0,,,,,,26 - 25,-1,Walker 2' Driving Finger Roll Layup (2 PTS),8:03 PM
381341,100,42,1,117,21500492,DeRozan 3' Driving Layup (10 PTS),,1:04,1,4.0,0,0,201942,DeMar DeRozan,TOR,Toronto,1610612761.0,Raptors,0,,,,,,0,,,,,,26 - 27,1,,8:04 PM
381342,101,79,2,119,21500492,,,0:43,1,5.0,0,0,202689,Kemba Walker,CHA,Charlotte,1610612766.0,Hornets,0,,,,,,0,,,,,,,,MISS Walker 19' Pullup Jump Shot,8:04 PM
381343,102,0,4,120,21500492,Biyombo REBOUND (Off:0 Def:2),,0:42,1,4.0,0,0,202687,Bismack Biyombo,TOR,Toronto,1610612761.0,Raptors,0,,,,,,0,,,,,,,,,8:04 PM
381344,103,66,1,121,21500492,DeRozan 2' Jump Bank Shot (12 PTS),,0:33,1,4.0,0,0,201942,DeMar DeRozan,TOR,Toronto,1610612761.0,Raptors,0,,,,,,0,,,,,,26 - 29,3,,8:04 PM
381345,104,42,2,122,21500492,,,0:19,1,5.0,0,0,203087,Jeremy Lamb,CHA,Charlotte,1610612766.0,Hornets,0,,,,,,0,,,,,,,,MISS Lamb 2' Driving Layup,8:04 PM
381346,105,0,4,123,21500492,,,0:19,1,5.0,0,0,201946,Tyler Hansbrough,CHA,Charlotte,1610612766.0,Hornets,0,,,,,,0,,,,,,,,Hansbrough REBOUND (Off:1 Def:0),8:05 PM
381347,106,97,2,124,21500492,,,0:16,1,5.0,0,0,201946,Tyler Hansbrough,CHA,Charlotte,1610612766.0,Hornets,0,,,,,,0,,,,,,,,MISS Hansbrough 3' Tip Layup Shot,8:05 PM
381348,107,0,4,125,21500492,,,0:15,1,5.0,0,0,1626163,Frank Kaminsky,CHA,Charlotte,1610612766.0,Hornets,0,,,,,,0,,,,,,,,Kaminsky REBOUND (Off:1 Def:2),8:05 PM
381349,108,79,1,126,21500492,,,0:02,1,5.0,0,0,203148,Brian Roberts,CHA,Charlotte,1610612766.0,Hornets,0,,,,,,0,,,,,,28 - 29,1,Roberts 21' Pullup Jump Shot (4 PTS),8:05 PM
381350,109,102,2,127,21500492,MISS Joseph 31' 3PT Driving Floating Bank Jump Shot,,0:00,1,4.0,0,0,202709,Cory Joseph,TOR,Toronto,1610612761.0,Raptors,0,,,,,,0,,,,,,,,,8:05 PM
381351,110,0,4,128,21500492,RAPTORS Rebound,,0:00,1,2.0,0,0,1610612761,,,,,,0,,,,,,0,,,,,,,,,8:05 PM
381352,111,0,13,129,21500492,,,0:00,1,0.0,0,0,0,,,,,,0,,,,,,0,,,,,,28 - 29,1,,8:05 PM
381353,112,0,12,131,21500492,,,12:00,2,0.0,0,0,0,,,,,,0,,,,,,0,,,,,,28 - 29,1,,8:08 PM
381354,113,1,6,132,21500492,Ross P.FOUL (P3.T1) (M.Boland),,11:53,2,4.0,5,1,203082,Terrence Ross,TOR,Toronto,1610612761.0,Raptors,201587,Nicolas Batum,CHA,Charlotte,1610612766.0,Hornets,0,,,,,,,,,8:08 PM
381355,114,0,8,133,21500492,SUB: Johnson FOR Ross,,11:53,2,4.0,4,0,203082,Terrence Ross,TOR,Toronto,1610612761.0,Raptors,201949,James Johnson,TOR,Toronto,1610612761.0,Raptors,0,,,,,,,,,8:08 PM
381356,115,5,2,134,21500492,Biyombo BLOCK (1 BLK),,11:42,2,5.0,0,4,201946,Tyler Hansbrough,CHA,Charlotte,1610612766.0,Hornets,0,,,,,,202687,Bismack Biyombo,TOR,Toronto,1610612761.0,Raptors,,,MISS Hansbrough 2' Layup,8:08 PM
381357,116,0,4,135,21500492,,,11:40,2,5.0,0,0,201946,Tyler Hansbrough,CHA,Charlotte,1610612766.0,Hornets,0,,,,,,0,,,,,,,,Hansbrough REBOUND (Off:2 Def:0),8:08 PM
381358,117,72,2,136,21500492,,,11:37,2,5.0,0,0,201946,Tyler Hansbrough,CHA,Charlotte,1610612766.0,Hornets,0,,,,,,0,,,,,,,,MISS Hansbrough 1' Putback Layup,8:09 PM
381359,118,0,4,137,21500492,,,11:36,2,5.0,0,0,203087,Jeremy Lamb,CHA,Charlotte,1610612766.0,Hornets,0,,,,,,0,,,,,,,,Lamb REBOUND (Off:1 Def:0),8:09 PM
381360,119,71,2,138,21500492,,,11:33,2,5.0,0,0,203087,Jeremy Lamb,CHA,Charlotte,1610612766.0,Hornets,0,,,,,,0,,,,,,,,MISS Lamb 2' Finger Roll Layup,8:09 PM
381361,120,0,4,139,21500492,Biyombo REBOUND (Off:0 Def:3),,11:33,2,4.0,0,0,202687,Bismack Biyombo,TOR,Toronto,1610612761.0,Raptors,0,,,,,,0,,,,,,,,,8:09 PM
381362,121,1,2,140,21500492,MISS Lowry 24' 3PT Jump Shot,,11:18,2,4.0,0,0,200768,Kyle Lowry,TOR,Toronto,1610612761.0,Raptors,0,,,,,,0,,,,,,,,,8:09 PM
381363,122,0,4,141,21500492,,,11:17,2,5.0,0,0,201946,Tyler Hansbrough,CHA,Charlotte,1610612766.0,Hornets,0,,,,,,0,,,,,,,,Hansbrough REBOUND (Off:2 Def:1),8:09 PM
381364,123,58,1,142,21500492,,,10:59,2,5.0,0,0,1626163,Frank Kaminsky,CHA,Charlotte,1610612766.0,Hornets,0,,,,,,0,,,,,,30 - 29,-1,Kaminsky 4' Turnaround Hook Shot (2 PTS),8:09 PM
381365,124,1,6,143,21500492,,,10:45,2,5.0,4,1,201946,Tyler Hansbrough,CHA,Charlotte,1610612766.0,Hornets,200768,Kyle Lowry,TOR,Toronto,1610612761.0,Raptors,0,,,,,,,,Hansbrough P.FOUL (P1.T1) (M.Boland),8:09 PM
381366,125,1,1,145,21500492,Patterson 25' 3PT Jump Shot (3 PTS) (Joseph 1 AST),,10:33,2,4.0,4,0,202335,Patrick Patterson,TOR,Toronto,1610612761.0,Raptors,202709,Cory Joseph,TOR,Toronto,1610612761.0,Raptors,0,,,,,,30 - 32,2,,8:10 PM
381367,126,1,9,146,21500492,,,10:26,2,3.0,0,0,1610612766,,,,,,0,,,,,,0,,,,,,,,Hornets Timeout: Regular (Reg.2 Short 1),8:10 PM
381368,127,79,1,150,21500492,,,10:14,2,5.0,0,0,203087,Jeremy Lamb,CHA,Charlotte,1610612766.0,Hornets,0,,,,,,0,,,,,,32 - 32,TIE,Lamb 12' Pullup Jump Shot (5 PTS),8:13 PM
381369,128,47,1,151,21500492,Patterson 11' Turnaround Jump Shot (5 PTS),,9:49,2,4.0,0,0,202335,Patrick Patterson,TOR,Toronto,1610612761.0,Raptors,0,,,,,,0,,,,,,32 - 34,2,,8:13 PM
381370,129,5,7,152,21500492,Biyombo Violation:Kicked Ball (S.Corbin),,9:38,2,4.0,0,1,202687,Bismack Biyombo,TOR,Toronto,1610612761.0,Raptors,0,,,,,,0,,,,,,,,,8:13 PM
381371,130,101,1,153,21500492,,,9:29,2,5.0,5,0,203148,Brian Roberts,CHA,Charlotte,1610612766.0,Hornets,201587,Nicolas Batum,CHA,Charlotte,1610612766.0,Hornets,0,,,,,,34 - 34,TIE,Roberts 8' Driving Floating Jump Shot (6 PTS) (Batum 2 AST),8:14 PM
381372,131,42,1,154,21500492,Joseph 2' Driving Layup (4 PTS),,9:19,2,4.0,0,0,202709,Cory Joseph,TOR,Toronto,1610612761.0,Raptors,0,,,,,,0,,,,,,34 - 36,2,,8:14 PM
381373,132,2,6,155,21500492,Lowry S.FOUL (P1.T2) (M.Boland),,8:57,2,4.0,5,1,200768,Kyle Lowry,TOR,Toronto,1610612761.0,Raptors,1626163,Frank Kaminsky,CHA,Charlotte,1610612766.0,Hornets,0,,,,,,,,,8:14 PM
381374,133,11,3,156,21500492,,,8:57,2,5.0,0,0,1626163,Frank Kaminsky,CHA,Charlotte,1610612766.0,Hornets,0,,,,,,0,,,,,,35 - 36,1,Kaminsky Free Throw 1 of 2 (3 PTS),8:15 PM
381375,134,12,3,158,21500492,,,8:57,2,5.0,0,0,1626163,Frank Kaminsky,CHA,Charlotte,1610612766.0,Hornets,0,,,,,,0,,,,,,36 - 36,TIE,Kaminsky Free Throw 2 of 2 (4 PTS),8:15 PM
381376,135,1,1,161,21500492,Joseph 19' Jump Shot (6 PTS) (Lowry 3 AST),,8:45,2,4.0,4,0,202709,Cory Joseph,TOR,Toronto,1610612761.0,Raptors,200768,Kyle Lowry,TOR,Toronto,1610612761.0,Raptors,0,,,,,,36 - 38,2,,8:15 PM
381377,136,1,2,162,21500492,,,8:31,2,5.0,0,0,1626163,Frank Kaminsky,CHA,Charlotte,1610612766.0,Hornets,0,,,,,,0,,,,,,,,MISS Kaminsky 25' 3PT Jump Shot,8:15 PM
381378,137,0,4,163,21500492,Joseph REBOUND (Off:0 Def:1),,8:30,2,4.0,0,0,202709,Cory Joseph,TOR,Toronto,1610612761.0,Raptors,0,,,,,,0,,,,,,,,,8:15 PM
381379,138,102,2,164,21500492,MISS Lowry 8' Driving Floating Bank Jump Shot,,8:24,2,4.0,0,0,200768,Kyle Lowry,TOR,Toronto,1610612761.0,Raptors,0,,,,,,0,,,,,,,,,8:15 PM
381380,139,0,4,165,21500492,,,8:23,2,5.0,0,0,203148,Brian Roberts,CHA,Charlotte,1610612766.0,Hornets,0,,,,,,0,,,,,,,,Roberts REBOUND (Off:0 Def:1),8:15 PM
381381,140,27,6,166,21500492,Patterson Personal Block Foul (P1.T3) (S.Corbin),,8:21,2,4.0,5,1,202335,Patrick Patterson,TOR,Toronto,1610612761.0,Raptors,203148,Brian Roberts,CHA,Charlotte,1610612766.0,Hornets,0,,,,,,,,,8:16 PM
381382,141,98,2,169,21500492,Biyombo BLOCK (2 BLK),,8:00,2,5.0,0,4,201946,Tyler Hansbrough,CHA,Charlotte,1610612766.0,Hornets,0,,,,,,202687,Bismack Biyombo,TOR,Toronto,1610612761.0,Raptors,,,MISS Hansbrough 3' Cutting Layup Shot,8:16 PM
381383,142,0,4,170,21500492,,,7:59,2,5.0,0,0,201946,Tyler Hansbrough,CHA,Charlotte,1610612766.0,Hornets,0,,,,,,0,,,,,,,,Hansbrough REBOUND (Off:3 Def:1),8:16 PM
381384,143,72,1,171,21500492,,,7:57,2,5.0,0,0,201946,Tyler Hansbrough,CHA,Charlotte,1610612766.0,Hornets,0,,,,,,0,,,,,,38 - 38,TIE,Hansbrough 1' Putback Layup (2 PTS),8:17 PM
381385,144,80,2,172,21500492,MISS Lowry 25' 3PT Step Back Jump Shot,,7:34,2,4.0,0,0,200768,Kyle Lowry,TOR,Toronto,1610612761.0,Raptors,0,,,,,,0,,,,,,,,,8:17 PM
381386,145,0,4,173,21500492,,,7:34,2,5.0,0,0,203087,Jeremy Lamb,CHA,Charlotte,1610612766.0,Hornets,0,,,,,,0,,,,,,,,Lamb REBOUND (Off:1 Def:1),8:17 PM
381387,146,1,1,174,21500492,,,7:22,2,5.0,5,0,1626163,Frank Kaminsky,CHA,Charlotte,1610612766.0,Hornets,203087,Jeremy Lamb,CHA,Charlotte,1610612766.0,Hornets,0,,,,,,41 - 38,-3,Kaminsky 25' 3PT Jump Shot (7 PTS) (Lamb 1 AST),8:17 PM
381388,147,7,1,175,21500492,Biyombo  Dunk (2 PTS) (Joseph 2 AST),,7:05,2,4.0,4,0,202687,Bismack Biyombo,TOR,Toronto,1610612761.0,Raptors,202709,Cory Joseph,TOR,Toronto,1610612761.0,Raptors,0,,,,,,41 - 40,-1,,8:17 PM
381389,148,1,1,176,21500492,,,6:51,2,5.0,5,0,201587,Nicolas Batum,CHA,Charlotte,1610612766.0,Hornets,1626163,Frank Kaminsky,CHA,Charlotte,1610612766.0,Hornets,0,,,,,,44 - 40,-4,Batum 25' 3PT Jump Shot (8 PTS) (Kaminsky 1 AST),8:18 PM
381390,149,1,9,177,21500492,RAPTORS Timeout: Regular (Full 2 Short 0),,6:43,2,2.0,0,0,1610612761,,,,,,0,,,,,,0,,,,,,,,,8:18 PM
381391,150,0,8,179,21500492,,,6:43,2,5.0,5,0,203087,Jeremy Lamb,CHA,Charlotte,1610612766.0,Hornets,203469,Cody Zeller,CHA,Charlotte,1610612766.0,Hornets,0,,,,,,,,SUB: Zeller FOR Lamb,8:20 PM
381392,151,0,8,180,21500492,,,6:43,2,5.0,5,0,201946,Tyler Hansbrough,CHA,Charlotte,1610612766.0,Hornets,203798,PJ Hairston,CHA,Charlotte,1610612766.0,Hornets,0,,,,,,,,SUB: Hairston FOR Hansbrough,8:20 PM
381393,152,0,8,181,21500492,SUB: Scola FOR Patterson,,6:43,2,4.0,4,0,202335,Patrick Patterson,TOR,Toronto,1610612761.0,Raptors,2449,Luis Scola,TOR,Toronto,1610612761.0,Raptors,0,,,,,,,,,8:20 PM
381394,153,0,8,182,21500492,SUB: Carroll FOR Biyombo,,6:43,2,4.0,4,0,202687,Bismack Biyombo,TOR,Toronto,1610612761.0,Raptors,201960,DeMarre Carroll,TOR,Toronto,1610612761.0,Raptors,0,,,,,,,,,8:20 PM
381395,154,0,8,183,21500492,SUB: DeRozan FOR Joseph,,6:43,2,4.0,4,0,202709,Cory Joseph,TOR,Toronto,1610612761.0,Raptors,201942,DeMar DeRozan,TOR,Toronto,1610612761.0,Raptors,0,,,,,,,,,8:20 PM
381396,155,0,8,184,21500492,SUB: Valanciunas FOR Johnson,,6:43,2,4.0,4,0,201949,James Johnson,TOR,Toronto,1610612761.0,Raptors,202685,Jonas Valanciunas,TOR,Toronto,1610612761.0,Raptors,0,,,,,,,,,8:20 PM
381397,156,1,1,185,21500492,DeRozan 19' Jump Shot (14 PTS) (Lowry 4 AST),,6:30,2,4.0,4,0,201942,DeMar DeRozan,TOR,Toronto,1610612761.0,Raptors,200768,Kyle Lowry,TOR,Toronto,1610612761.0,Raptors,0,,,,,,44 - 42,-2,,8:20 PM
381398,157,83,2,186,21500492,,,6:04,2,5.0,0,0,201587,Nicolas Batum,CHA,Charlotte,1610612766.0,Hornets,0,,,,,,0,,,,,,,,MISS Batum 21' Fadeaway Bank Shot,8:21 PM
381399,158,0,4,187,21500492,,,6:04,2,3.0,0,0,1610612766,,,,,,0,,,,,,0,,,,,,,,Hornets Rebound,8:21 PM
381400,159,11,5,188,21500492,,,6:04,2,3.0,0,1,1610612766,,,,,,0,,,,,,0,,,,,,,,Hornets Turnover: Shot Clock (T#3),8:21 PM
381401,160,101,2,189,21500492,MISS Lowry 6' Driving Floating Jump Shot,,5:41,2,4.0,0,0,200768,Kyle Lowry,TOR,Toronto,1610612761.0,Raptors,0,,,,,,0,,,,,,,,,8:21 PM
381402,161,0,4,190,21500492,Valanciunas REBOUND (Off:2 Def:1),,5:40,2,4.0,0,0,202685,Jonas Valanciunas,TOR,Toronto,1610612761.0,Raptors,0,,,,,,0,,,,,,,,,8:21 PM
381403,162,97,1,191,21500492,Valanciunas 2' Tip Layup Shot (6 PTS),,5:37,2,4.0,0,0,202685,Jonas Valanciunas,TOR,Toronto,1610612761.0,Raptors,0,,,,,,0,,,,,,44 - 44,TIE,,8:22 PM
381404,163,101,1,192,21500492,,,5:23,2,5.0,0,0,1626163,Frank Kaminsky,CHA,Charlotte,1610612766.0,Hornets,0,,,,,,0,,,,,,46 - 44,-2,Kaminsky 5' Driving Floating Jump Shot (9 PTS),8:22 PM
381405,164,2,6,193,21500492,,,5:02,2,5.0,4,1,203469,Cody Zeller,CHA,Charlotte,1610612766.0,Hornets,202685,Jonas Valanciunas,TOR,Toronto,1610612761.0,Raptors,0,,,,,,,,Zeller S.FOUL (P2.T2) (M.Davis),8:22 PM
381406,165,11,3,194,21500492,Valanciunas Free Throw 1 of 2 (7 PTS),,5:02,2,4.0,0,0,202685,Jonas Valanciunas,TOR,Toronto,1610612761.0,Raptors,0,,,,,,0,,,,,,46 - 45,-1,,8:22 PM
381407,166,0,8,196,21500492,,,5:02,2,5.0,5,0,203469,Cody Zeller,CHA,Charlotte,1610612766.0,Hornets,101107,Marvin Williams,CHA,Charlotte,1610612766.0,Hornets,0,,,,,,,,SUB: Williams FOR Zeller,8:23 PM
381408,167,0,8,197,21500492,,,5:02,2,5.0,5,0,203148,Brian Roberts,CHA,Charlotte,1610612766.0,Hornets,202689,Kemba Walker,CHA,Charlotte,1610612766.0,Hornets,0,,,,,,,,SUB: Walker FOR Roberts,8:23 PM
381409,168,12,3,198,21500492,Valanciunas Free Throw 2 of 2 (8 PTS),,5:02,2,4.0,0,0,202685,Jonas Valanciunas,TOR,Toronto,1610612761.0,Raptors,0,,,,,,0,,,,,,46 - 46,TIE,,8:23 PM
381410,169,101,1,201,21500492,,,4:45,2,5.0,0,0,101107,Marvin Williams,CHA,Charlotte,1610612766.0,Hornets,0,,,,,,0,,,,,,48 - 46,-2,Williams 9' Driving Floating Jump Shot (7 PTS),8:23 PM
381411,170,1,6,202,21500492,,,4:27,2,5.0,4,1,101107,Marvin Williams,CHA,Charlotte,1610612766.0,Hornets,2449,Luis Scola,TOR,Toronto,1610612761.0,Raptors,0,,,,,,,,Williams P.FOUL (P1.T3) (M.Davis),8:24 PM
381412,171,29,6,203,21500492,,,4:21,2,5.0,4,1,1626163,Frank Kaminsky,CHA,Charlotte,1610612766.0,Hornets,201942,DeMar DeRozan,TOR,Toronto,1610612761.0,Raptors,0,,,,,,,,Kaminsky Shooting Block Foul (P1.T4) (S.Corbin),8:24 PM
381413,172,11,3,204,21500492,DeRozan Free Throw 1 of 2 (15 PTS),,4:21,2,4.0,0,0,201942,DeMar DeRozan,TOR,Toronto,1610612761.0,Raptors,0,,,,,,0,,,,,,48 - 47,-1,,8:24 PM
381414,173,0,8,206,21500492,,,4:21,2,5.0,5,0,203798,PJ Hairston,CHA,Charlotte,1610612766.0,Hornets,203087,Jeremy Lamb,CHA,Charlotte,1610612766.0,Hornets,0,,,,,,,,SUB: Lamb FOR Hairston,8:25 PM
381415,174,12,3,207,21500492,DeRozan Free Throw 2 of 2 (16 PTS),,4:21,2,4.0,0,0,201942,DeMar DeRozan,TOR,Toronto,1610612761.0,Raptors,0,,,,,,0,,,,,,48 - 48,TIE,,8:25 PM
381416,175,1,2,210,21500492,,,4:09,2,5.0,0,0,202689,Kemba Walker,CHA,Charlotte,1610612766.0,Hornets,0,,,,,,0,,,,,,,,MISS Walker 24' 3PT Jump Shot,8:25 PM
381417,176,0,4,211,21500492,Valanciunas REBOUND (Off:2 Def:2),,4:08,2,4.0,0,0,202685,Jonas Valanciunas,TOR,Toronto,1610612761.0,Raptors,0,,,,,,0,,,,,,,,,8:25 PM
381418,177,1,5,212,21500492,Carroll Bad Pass Turnover (P1.T5),,3:55,2,4.0,5,0,201960,DeMarre Carroll,TOR,Toronto,1610612761.0,Raptors,1626163,Frank Kaminsky,CHA,Charlotte,1610612766.0,Hornets,0,,,,,,,,Kaminsky STEAL (1 STL),8:25 PM
381419,178,55,1,213,21500492,,,3:47,2,5.0,5,0,101107,Marvin Williams,CHA,Charlotte,1610612766.0,Hornets,201587,Nicolas Batum,CHA,Charlotte,1610612766.0,Hornets,0,,,,,,50 - 48,-2,Williams 8' Hook Shot (9 PTS) (Batum 3 AST),8:25 PM
381420,179,1,2,214,21500492,MISS Carroll 21' Jump Shot,,3:21,2,4.0,0,0,201960,DeMarre Carroll,TOR,Toronto,1610612761.0,Raptors,0,,,,,,0,,,,,,,,,8:26 PM
381421,180,0,4,215,21500492,Lowry REBOUND (Off:1 Def:2),,3:20,2,4.0,0,0,200768,Kyle Lowry,TOR,Toronto,1610612761.0,Raptors,0,,,,,,0,,,,,,,,,8:26 PM
381422,181,97,1,216,21500492,Lowry 1' Tip Layup Shot (4 PTS),,3:16,2,4.0,0,0,200768,Kyle Lowry,TOR,Toronto,1610612761.0,Raptors,0,,,,,,0,,,,,,50 - 50,TIE,,8:26 PM
381423,182,17,6,217,21500492,RAPTORS T.Foul (Def. 3 Sec Valanciunas ) (S.Corbin),,3:04,2,4.0,0,1,202685,Jonas Valanciunas,TOR,Toronto,1610612761.0,Raptors,0,,,,,,0,,,,,,,,,8:26 PM
381424,183,16,3,218,21500492,,,3:04,2,5.0,0,0,201587,Nicolas Batum,CHA,Charlotte,1610612766.0,Hornets,0,,,,,,0,,,,,,51 - 50,-1,Batum Free Throw Technical (9 PTS),8:26 PM
381425,184,79,2,220,21500492,,,2:51,2,5.0,0,0,202689,Kemba Walker,CHA,Charlotte,1610612766.0,Hornets,0,,,,,,0,,,,,,,,MISS Walker 20' Pullup Jump Shot,8:27 PM
381426,185,0,4,221,21500492,Valanciunas REBOUND (Off:2 Def:3),,2:50,2,4.0,0,0,202685,Jonas Valanciunas,TOR,Toronto,1610612761.0,Raptors,0,,,,,,0,,,,,,,,,8:27 PM
381427,186,29,6,222,21500492,,,2:42,2,5.0,4,1,203087,Jeremy Lamb,CHA,Charlotte,1610612766.0,Hornets,200768,Kyle Lowry,TOR,Toronto,1610612761.0,Raptors,0,,,,,,,,Lamb Shooting Block Foul (P1.PN) (S.Corbin),8:27 PM
381428,187,4,9,223,21500492,,,2:42,2,1.0,0,0,0,,,,,,0,,,,,,0,,,,,,,,,8:27 PM
381429,188,11,3,227,21500492,Lowry Free Throw 1 of 2 (5 PTS),,2:42,2,4.0,0,0,200768,Kyle Lowry,TOR,Toronto,1610612761.0,Raptors,0,,,,,,0,,,,,,51 - 51,TIE,,8:30 PM
381430,189,12,3,229,21500492,Lowry Free Throw 2 of 2 (6 PTS),,2:42,2,4.0,0,0,200768,Kyle Lowry,TOR,Toronto,1610612761.0,Raptors,0,,,,,,0,,,,,,51 - 52,1,,8:30 PM
381431,190,1,2,231,21500492,,,2:25,2,5.0,0,0,1626163,Frank Kaminsky,CHA,Charlotte,1610612766.0,Hornets,0,,,,,,0,,,,,,,,MISS Kaminsky 25' 3PT Jump Shot,8:30 PM
381432,191,0,4,232,21500492,,,2:23,2,5.0,0,0,101107,Marvin Williams,CHA,Charlotte,1610612766.0,Hornets,0,,,,,,0,,,,,,,,Williams REBOUND (Off:1 Def:2),8:30 PM
381433,192,42,1,233,21500492,,,2:09,2,5.0,0,0,202689,Kemba Walker,CHA,Charlotte,1610612766.0,Hornets,0,,,,,,0,,,,,,53 - 52,-1,Walker 1' Driving Layup (4 PTS),8:30 PM
381434,193,1,1,234,21500492,DeRozan 24' 3PT Jump Shot (19 PTS) (Lowry 5 AST),,1:46,2,4.0,4,0,201942,DeMar DeRozan,TOR,Toronto,1610612761.0,Raptors,200768,Kyle Lowry,TOR,Toronto,1610612761.0,Raptors,0,,,,,,53 - 55,2,,8:31 PM
381435,194,42,2,235,21500492,,,1:26,2,5.0,0,0,101107,Marvin Williams,CHA,Charlotte,1610612766.0,Hornets,0,,,,,,0,,,,,,,,MISS Williams 3' Driving Layup,8:31 PM
381436,195,0,4,236,21500492,Scola REBOUND (Off:2 Def:3),,1:26,2,4.0,0,0,2449,Luis Scola,TOR,Toronto,1610612761.0,Raptors,0,,,,,,0,,,,,,,,,8:31 PM
381437,196,1,2,237,21500492,MISS Carroll 25' 3PT Jump Shot,,1:13,2,4.0,0,0,201960,DeMarre Carroll,TOR,Toronto,1610612761.0,Raptors,0,,,,,,0,,,,,,,,,8:31 PM
381438,197,0,4,238,21500492,,,1:13,2,5.0,0,0,202689,Kemba Walker,CHA,Charlotte,1610612766.0,Hornets,0,,,,,,0,,,,,,,,Walker REBOUND (Off:0 Def:1),8:31 PM
381439,198,1,2,239,21500492,,,1:04,2,5.0,0,0,203087,Jeremy Lamb,CHA,Charlotte,1610612766.0,Hornets,0,,,,,,0,,,,,,,,MISS Lamb 25' 3PT Jump Shot,8:32 PM
381440,199,0,4,240,21500492,Scola REBOUND (Off:2 Def:4),,1:03,2,4.0,0,0,2449,Luis Scola,TOR,Toronto,1610612761.0,Raptors,0,,,,,,0,,,,,,,,,8:32 PM
381441,200,2,9,241,21500492,RAPTORS Timeout: Short (Full 2 Short 1),,1:01,2,2.0,0,0,1610612761,,,,,,0,,,,,,0,,,,,,,,,8:32 PM
381442,201,0,8,244,21500492,SUB: Joseph FOR Lowry,,1:01,2,4.0,4,0,200768,Kyle Lowry,TOR,Toronto,1610612761.0,Raptors,202709,Cory Joseph,TOR,Toronto,1610612761.0,Raptors,0,,,,,,,,,8:33 PM
381443,202,101,2,245,21500492,MISS DeRozan 3' Driving Floating Jump Shot,,0:49,2,4.0,0,5,201942,DeMar DeRozan,TOR,Toronto,1610612761.0,Raptors,0,,,,,,203087,Jeremy Lamb,CHA,Charlotte,1610612766.0,Hornets,,,Lamb BLOCK (1 BLK),8:33 PM
381444,203,0,4,246,21500492,,,0:47,2,5.0,0,0,101107,Marvin Williams,CHA,Charlotte,1610612766.0,Hornets,0,,,,,,0,,,,,,,,Williams REBOUND (Off:1 Def:3),8:33 PM
381445,204,79,2,248,21500492,,,0:37,2,5.0,0,0,202689,Kemba Walker,CHA,Charlotte,1610612766.0,Hornets,0,,,,,,0,,,,,,,,MISS Walker 25' 3PT Pullup Jump Shot,8:33 PM
381446,205,0,4,249,21500492,,,0:36,2,5.0,0,0,1626163,Frank Kaminsky,CHA,Charlotte,1610612766.0,Hornets,0,,,,,,0,,,,,,,,Kaminsky REBOUND (Off:2 Def:2),8:34 PM
381447,206,2,6,250,21500492,Joseph S.FOUL (P1.T4) (M.Davis),,0:18,2,4.0,5,1,202709,Cory Joseph,TOR,Toronto,1610612761.0,Raptors,202689,Kemba Walker,CHA,Charlotte,1610612766.0,Hornets,0,,,,,,,,,8:34 PM
381448,207,11,3,251,21500492,,,0:18,2,5.0,0,0,202689,Kemba Walker,CHA,Charlotte,1610612766.0,Hornets,0,,,,,,0,,,,,,54 - 55,1,Walker Free Throw 1 of 2 (5 PTS),8:34 PM
381449,208,12,3,253,21500492,,,0:18,2,5.0,0,0,202689,Kemba Walker,CHA,Charlotte,1610612766.0,Hornets,0,,,,,,0,,,,,,55 - 55,TIE,Walker Free Throw 2 of 2 (6 PTS),8:34 PM
381450,209,1,2,256,21500492,MISS Scola  3PT Jump Shot,,0:05,2,4.0,0,0,2449,Luis Scola,TOR,Toronto,1610612761.0,Raptors,0,,,,,,0,,,,,,,,,8:35 PM
381451,210,0,4,257,21500492,,,0:04,2,5.0,0,0,203087,Jeremy Lamb,CHA,Charlotte,1610612766.0,Hornets,0,,,,,,0,,,,,,,,Lamb REBOUND (Off:1 Def:2),8:35 PM
381452,211,103,2,258,21500492,,,0:00,2,5.0,0,0,202689,Kemba Walker,CHA,Charlotte,1610612766.0,Hornets,0,,,,,,0,,,,,,,,MISS Walker 27' 3PT Running Pull-Up Jump Shot,8:35 PM
381453,212,0,4,259,21500492,,,0:00,2,3.0,0,0,1610612766,,,,,,0,,,,,,0,,,,,,,,Hornets Rebound,8:35 PM
381454,213,0,13,260,21500492,,,0:00,2,0.0,0,0,0,,,,,,0,,,,,,0,,,,,,55 - 55,TIE,,8:35 PM
381455,214,0,12,262,21500492,,,12:00,3,0.0,0,0,0,,,,,,0,,,,,,0,,,,,,55 - 55,TIE,,8:51 PM
381456,215,98,1,263,21500492,,,11:49,3,5.0,5,0,203469,Cody Zeller,CHA,Charlotte,1610612766.0,Hornets,201587,Nicolas Batum,CHA,Charlotte,1610612766.0,Hornets,0,,,,,,57 - 55,-2,Zeller 3' Cutting Layup Shot (9 PTS) (Batum 4 AST),8:51 PM
381457,216,4,6,264,21500492,Valanciunas OFF.Foul (P2) (S.Corbin),,11:28,3,4.0,5,1,202685,Jonas Valanciunas,TOR,Toronto,1610612761.0,Raptors,203469,Cody Zeller,CHA,Charlotte,1610612766.0,Hornets,0,,,,,,,,,8:51 PM
381458,217,5,5,265,21500492,Valanciunas Foul Turnover (P1.T6),,11:28,3,4.0,0,1,202685,Jonas Valanciunas,TOR,Toronto,1610612761.0,Raptors,0,,,,,,0,,,,,,,,,8:51 PM
381459,218,1,2,266,21500492,,,11:17,3,5.0,0,0,203798,PJ Hairston,CHA,Charlotte,1610612766.0,Hornets,0,,,,,,0,,,,,,,,MISS Hairston 25' 3PT Jump Shot,8:52 PM
381460,219,0,4,267,21500492,Valanciunas REBOUND (Off:2 Def:4),,11:16,3,4.0,0,0,202685,Jonas Valanciunas,TOR,Toronto,1610612761.0,Raptors,0,,,,,,0,,,,,,,,,8:52 PM
381461,220,79,2,268,21500492,MISS DeRozan 15' Pullup Jump Shot,,10:54,3,4.0,0,0,201942,DeMar DeRozan,TOR,Toronto,1610612761.0,Raptors,0,,,,,,0,,,,,,,,,8:52 PM
381462,221,0,4,269,21500492,Valanciunas REBOUND (Off:3 Def:4),,10:53,3,4.0,0,0,202685,Jonas Valanciunas,TOR,Toronto,1610612761.0,Raptors,0,,,,,,0,,,,,,,,,8:52 PM
381463,222,72,2,270,21500492,MISS Valanciunas 1' Putback Layup,,10:51,3,4.0,0,0,202685,Jonas Valanciunas,TOR,Toronto,1610612761.0,Raptors,0,,,,,,0,,,,,,,,,8:52 PM
381464,223,0,4,271,21500492,,,10:50,3,5.0,0,0,203469,Cody Zeller,CHA,Charlotte,1610612766.0,Hornets,0,,,,,,0,,,,,,,,Zeller REBOUND (Off:3 Def:2),8:52 PM
381465,224,101,1,272,21500492,,,10:41,3,5.0,0,0,202689,Kemba Walker,CHA,Charlotte,1610612766.0,Hornets,0,,,,,,0,,,,,,59 - 55,-4,Walker 9' Driving Floating Jump Shot (8 PTS),8:52 PM
381466,225,1,2,273,21500492,MISS Carroll  3PT Jump Shot,,10:16,3,4.0,0,5,201960,DeMarre Carroll,TOR,Toronto,1610612761.0,Raptors,0,,,,,,201587,Nicolas Batum,CHA,Charlotte,1610612766.0,Hornets,,,Batum BLOCK (1 BLK),8:53 PM
381467,226,0,4,274,21500492,,,10:15,3,5.0,0,0,203798,PJ Hairston,CHA,Charlotte,1610612766.0,Hornets,0,,,,,,0,,,,,,,,Hairston REBOUND (Off:1 Def:3),8:53 PM
381468,227,103,1,275,21500492,,,10:09,3,5.0,0,0,202689,Kemba Walker,CHA,Charlotte,1610612766.0,Hornets,0,,,,,,0,,,,,,62 - 55,-7,Walker 25' 3PT Running Pull-Up Jump Shot (11 PTS),8:53 PM
381469,228,1,9,276,21500492,RAPTORS Timeout: Regular (Full 3 Short 1),,10:09,3,2.0,0,0,1610612761,,,,,,0,,,,,,0,,,,,,,,,8:53 PM
381470,229,86,2,280,21500492,MISS DeRozan 11' Turnaround Fadeaway Shot,,9:50,3,4.0,0,0,201942,DeMar DeRozan,TOR,Toronto,1610612761.0,Raptors,0,,,,,,0,,,,,,,,,8:56 PM
381471,230,0,4,281,21500492,,,9:49,3,5.0,0,0,201587,Nicolas Batum,CHA,Charlotte,1610612766.0,Hornets,0,,,,,,0,,,,,,,,Batum REBOUND (Off:0 Def:1),8:56 PM
381472,231,1,5,282,21500492,Carroll STEAL (1 STL),,9:42,3,5.0,4,0,201587,Nicolas Batum,CHA,Charlotte,1610612766.0,Hornets,201960,DeMarre Carroll,TOR,Toronto,1610612761.0,Raptors,0,,,,,,,,Batum Bad Pass Turnover (P1.T4),8:56 PM
381473,232,5,2,283,21500492,MISS Carroll 1' Layup,,9:35,3,4.0,0,0,201960,DeMarre Carroll,TOR,Toronto,1610612761.0,Raptors,0,,,,,,0,,,,,,,,,8:56 PM
381474,233,0,4,284,21500492,Valanciunas REBOUND (Off:4 Def:4),,9:34,3,4.0,0,0,202685,Jonas Valanciunas,TOR,Toronto,1610612761.0,Raptors,0,,,,,,0,,,,,,,,,8:56 PM
381475,234,97,2,285,21500492,MISS Valanciunas  Tip Layup Shot,,9:32,3,4.0,0,0,202685,Jonas Valanciunas,TOR,Toronto,1610612761.0,Raptors,0,,,,,,0,,,,,,,,,8:56 PM
381476,235,0,4,286,21500492,Valanciunas REBOUND (Off:5 Def:4),,9:31,3,4.0,0,0,202685,Jonas Valanciunas,TOR,Toronto,1610612761.0,Raptors,0,,,,,,0,,,,,,,,,8:56 PM
381477,236,97,2,287,21500492,MISS Valanciunas 1' Tip Layup Shot,,9:28,3,4.0,0,0,202685,Jonas Valanciunas,TOR,Toronto,1610612761.0,Raptors,0,,,,,,0,,,,,,,,,8:56 PM
381478,237,0,4,308,21500492,Carroll REBOUND (Off:1 Def:1),,9:27,3,4.0,0,0,201960,DeMarre Carroll,TOR,Toronto,1610612761.0,Raptors,0,,,,,,0,,,,,,,,,8:56 PM
381479,238,97,2,303,21500492,MISS Carroll 2' Tip Layup Shot,,9:27,3,4.0,0,0,201960,DeMarre Carroll,TOR,Toronto,1610612761.0,Raptors,0,,,,,,0,,,,,,,,,8:56 PM
381480,239,0,4,288,21500492,Scola REBOUND (Off:3 Def:4),,9:27,3,4.0,0,0,2449,Luis Scola,TOR,Toronto,1610612761.0,Raptors,0,,,,,,0,,,,,,,,,8:56 PM
381481,240,5,2,289,21500492,MISS Scola 2' Layup,,9:25,3,4.0,0,0,2449,Luis Scola,TOR,Toronto,1610612761.0,Raptors,0,,,,,,0,,,,,,,,,8:56 PM
381482,241,0,4,290,21500492,,,9:23,3,5.0,0,0,201587,Nicolas Batum,CHA,Charlotte,1610612766.0,Hornets,0,,,,,,0,,,,,,,,Batum REBOUND (Off:0 Def:2),8:56 PM
381483,242,1,2,291,21500492,,,9:15,3,5.0,0,0,201587,Nicolas Batum,CHA,Charlotte,1610612766.0,Hornets,0,,,,,,0,,,,,,,,MISS Batum 26' 3PT Jump Shot,8:56 PM
381484,243,0,4,292,21500492,Scola REBOUND (Off:3 Def:5),,9:15,3,4.0,0,0,2449,Luis Scola,TOR,Toronto,1610612761.0,Raptors,0,,,,,,0,,,,,,,,,8:56 PM
381485,244,43,2,293,21500492,MISS Valanciunas 3' Alley Oop Layup,,9:07,3,4.0,0,0,202685,Jonas Valanciunas,TOR,Toronto,1610612761.0,Raptors,0,,,,,,0,,,,,,,,,8:56 PM
381486,245,0,4,294,21500492,Valanciunas REBOUND (Off:6 Def:4),,9:05,3,4.0,0,0,202685,Jonas Valanciunas,TOR,Toronto,1610612761.0,Raptors,0,,,,,,0,,,,,,,,,8:56 PM
381487,246,58,1,295,21500492,Valanciunas 8' Turnaround Hook Shot (10 PTS),,8:59,3,4.0,0,0,202685,Jonas Valanciunas,TOR,Toronto,1610612761.0,Raptors,0,,,,,,0,,,,,,62 - 57,-5,,8:57 PM
381488,247,2,6,296,21500492,,,8:59,3,5.0,4,1,203469,Cody Zeller,CHA,Charlotte,1610612766.0,Hornets,202685,Jonas Valanciunas,TOR,Toronto,1610612761.0,Raptors,0,,,,,,,,Zeller S.FOUL (P3.T1) (M.Boland),8:57 PM
381489,248,10,3,297,21500492,MISS Valanciunas Free Throw 1 of 1,,8:59,3,4.0,0,0,202685,Jonas Valanciunas,TOR,Toronto,1610612761.0,Raptors,0,,,,,,0,,,,,,,,,8:57 PM
381490,249,0,4,299,21500492,,,8:58,3,5.0,0,0,203469,Cody Zeller,CHA,Charlotte,1610612766.0,Hornets,0,,,,,,0,,,,,,,,Zeller REBOUND (Off:3 Def:3),8:57 PM
381491,250,2,6,302,21500492,Scola S.FOUL (P2.T1) (M.Davis),,8:40,3,4.0,5,1,2449,Luis Scola,TOR,Toronto,1610612761.0,Raptors,203469,Cody Zeller,CHA,Charlotte,1610612766.0,Hornets,0,,,,,,,,,8:57 PM
381492,251,11,3,304,21500492,,,8:40,3,5.0,0,0,203469,Cody Zeller,CHA,Charlotte,1610612766.0,Hornets,0,,,,,,0,,,,,,63 - 57,-6,Zeller Free Throw 1 of 2 (10 PTS),8:58 PM
381493,252,12,3,306,21500492,,,8:40,3,5.0,0,0,203469,Cody Zeller,CHA,Charlotte,1610612766.0,Hornets,0,,,,,,0,,,,,,64 - 57,-7,Zeller Free Throw 2 of 2 (11 PTS),8:58 PM
381494,253,98,1,309,21500492,Scola 2' Cutting Layup Shot (5 PTS) (Lowry 6 AST),,8:23,3,4.0,4,0,2449,Luis Scola,TOR,Toronto,1610612761.0,Raptors,200768,Kyle Lowry,TOR,Toronto,1610612761.0,Raptors,0,,,,,,64 - 59,-5,,8:58 PM
381495,254,1,2,311,21500492,,,8:01,3,5.0,0,0,203798,PJ Hairston,CHA,Charlotte,1610612766.0,Hornets,0,,,,,,0,,,,,,,,MISS Hairston 24' 3PT Jump Shot,8:59 PM
381496,255,0,4,312,21500492,Valanciunas REBOUND (Off:6 Def:5),,8:01,3,4.0,0,0,202685,Jonas Valanciunas,TOR,Toronto,1610612761.0,Raptors,0,,,,,,0,,,,,,,,,8:59 PM
381497,256,101,2,313,21500492,MISS DeRozan 2' Driving Floating Jump Shot,,7:45,3,4.0,0,5,201942,DeMar DeRozan,TOR,Toronto,1610612761.0,Raptors,0,,,,,,202689,Kemba Walker,CHA,Charlotte,1610612766.0,Hornets,,,Walker BLOCK (1 BLK),8:59 PM
381498,257,0,4,314,21500492,,,7:43,3,5.0,0,0,202689,Kemba Walker,CHA,Charlotte,1610612766.0,Hornets,0,,,,,,0,,,,,,,,Walker REBOUND (Off:0 Def:2),8:59 PM
381499,258,1,5,326,21500492,Lowry STEAL (1 STL),,7:36,3,5.0,4,0,202689,Kemba Walker,CHA,Charlotte,1610612766.0,Hornets,200768,Kyle Lowry,TOR,Toronto,1610612761.0,Raptors,0,,,,,,,,Walker Bad Pass Turnover (P1.T5),8:59 PM
381500,259,5,2,316,21500492,MISS Scola 3' Layup,,7:36,3,4.0,0,5,2449,Luis Scola,TOR,Toronto,1610612761.0,Raptors,0,,,,,,203469,Cody Zeller,CHA,Charlotte,1610612766.0,Hornets,,,Zeller BLOCK (2 BLK),8:59 PM
381501,260,0,4,317,21500492,Lowry REBOUND (Off:2 Def:2),,7:35,3,4.0,0,0,200768,Kyle Lowry,TOR,Toronto,1610612761.0,Raptors,0,,,,,,0,,,,,,,,,8:59 PM
381502,261,1,1,318,21500492,Carroll 25' 3PT Jump Shot (9 PTS) (Lowry 7 AST),,7:30,3,4.0,4,0,201960,DeMarre Carroll,TOR,Toronto,1610612761.0,Raptors,200768,Kyle Lowry,TOR,Toronto,1610612761.0,Raptors,0,,,,,,64 - 62,-2,,8:59 PM
381503,262,1,6,319,21500492,Lowry P.FOUL (P2.T2) (M.Davis),,7:17,3,4.0,5,1,200768,Kyle Lowry,TOR,Toronto,1610612761.0,Raptors,101107,Marvin Williams,CHA,Charlotte,1610612766.0,Hornets,0,,,,,,,,,9:00 PM
381504,263,78,2,320,21500492,,,7:06,3,5.0,0,0,101107,Marvin Williams,CHA,Charlotte,1610612766.0,Hornets,0,,,,,,0,,,,,,,,MISS Williams 12' Floating Jump Shot,9:00 PM
381505,264,0,4,321,21500492,Scola REBOUND (Off:3 Def:6),,7:06,3,4.0,0,0,2449,Luis Scola,TOR,Toronto,1610612761.0,Raptors,0,,,,,,0,,,,,,,,,9:00 PM
381506,265,1,2,322,21500492,MISS Lowry 24' 3PT Jump Shot,,6:57,3,4.0,0,0,200768,Kyle Lowry,TOR,Toronto,1610612761.0,Raptors,0,,,,,,0,,,,,,,,,9:00 PM
381507,266,0,4,323,21500492,Carroll REBOUND (Off:2 Def:1),,6:56,3,4.0,0,0,201960,DeMarre Carroll,TOR,Toronto,1610612761.0,Raptors,0,,,,,,0,,,,,,,,,9:00 PM
381508,267,72,1,324,21500492,Carroll 3' Putback Layup (11 PTS),,6:53,3,4.0,0,0,201960,DeMarre Carroll,TOR,Toronto,1610612761.0,Raptors,0,,,,,,0,,,,,,64 - 64,TIE,,9:00 PM
381509,268,1,9,325,21500492,,,6:53,3,3.0,0,0,1610612766,,,,,,0,,,,,,0,,,,,,,,Hornets Timeout: Regular (Reg.3 Short 1),9:00 PM
381510,269,1,1,329,21500492,,,6:42,3,5.0,5,0,203469,Cody Zeller,CHA,Charlotte,1610612766.0,Hornets,201587,Nicolas Batum,CHA,Charlotte,1610612766.0,Hornets,0,,,,,,66 - 64,-2,Zeller 5' Jump Shot (13 PTS) (Batum 5 AST),9:03 PM
381511,270,58,2,330,21500492,MISS Valanciunas 6' Turnaround Hook Shot,,6:19,3,4.0,0,0,202685,Jonas Valanciunas,TOR,Toronto,1610612761.0,Raptors,0,,,,,,0,,,,,,,,,9:03 PM
381512,271,0,4,331,21500492,,,6:19,3,5.0,0,0,203798,PJ Hairston,CHA,Charlotte,1610612766.0,Hornets,0,,,,,,0,,,,,,,,Hairston REBOUND (Off:1 Def:4),9:03 PM
381513,272,79,1,332,21500492,,,6:09,3,5.0,0,0,202689,Kemba Walker,CHA,Charlotte,1610612766.0,Hornets,0,,,,,,0,,,,,,68 - 64,-4,Walker 13' Pullup Jump Shot (13 PTS),9:04 PM
381514,273,1,2,333,21500492,MISS Scola  3PT Jump Shot,,5:46,3,4.0,0,0,2449,Luis Scola,TOR,Toronto,1610612761.0,Raptors,0,,,,,,0,,,,,,,,,9:04 PM
381515,274,0,4,334,21500492,,,5:44,3,5.0,0,0,203798,PJ Hairston,CHA,Charlotte,1610612766.0,Hornets,0,,,,,,0,,,,,,,,Hairston REBOUND (Off:1 Def:5),9:04 PM
381516,275,108,1,335,21500492,,,5:24,3,5.0,5,0,203469,Cody Zeller,CHA,Charlotte,1610612766.0,Hornets,101107,Marvin Williams,CHA,Charlotte,1610612766.0,Hornets,0,,,,,,70 - 64,-6,Zeller  Cutting Dunk Shot (15 PTS) (Williams 1 AST),9:04 PM
381517,276,79,2,336,21500492,MISS DeRozan 14' Pullup Jump Shot,,5:04,3,4.0,0,0,201942,DeMar DeRozan,TOR,Toronto,1610612761.0,Raptors,0,,,,,,0,,,,,,,,,9:05 PM
381518,277,0,4,337,21500492,RAPTORS Rebound,,5:03,3,2.0,0,0,1610612761,,,,,,0,,,,,,0,,,,,,,,,9:05 PM
381519,278,0,8,338,21500492,SUB: Ross FOR Carroll,,5:03,3,4.0,4,0,201960,DeMarre Carroll,TOR,Toronto,1610612761.0,Raptors,203082,Terrence Ross,TOR,Toronto,1610612761.0,Raptors,0,,,,,,,,,9:05 PM
381520,279,0,8,339,21500492,SUB: Patterson FOR Scola,,5:03,3,4.0,4,0,2449,Luis Scola,TOR,Toronto,1610612761.0,Raptors,202335,Patrick Patterson,TOR,Toronto,1610612761.0,Raptors,0,,,,,,,,,9:05 PM
381521,280,1,1,341,21500492,Ross 25' 3PT Jump Shot (3 PTS) (Lowry 8 AST),,4:47,3,4.0,4,0,203082,Terrence Ross,TOR,Toronto,1610612761.0,Raptors,200768,Kyle Lowry,TOR,Toronto,1610612761.0,Raptors,0,,,,,,70 - 67,-3,,9:05 PM
381522,281,1,2,343,21500492,,,4:19,3,5.0,0,0,101107,Marvin Williams,CHA,Charlotte,1610612766.0,Hornets,0,,,,,,0,,,,,,,,MISS Williams 27' 3PT Jump Shot,9:06 PM
381523,282,0,4,344,21500492,,,4:17,3,5.0,0,0,203469,Cody Zeller,CHA,Charlotte,1610612766.0,Hornets,0,,,,,,0,,,,,,,,Zeller REBOUND (Off:4 Def:3),9:06 PM
381524,283,0,8,346,21500492,SUB: Biyombo FOR Valanciunas,,4:17,3,4.0,4,0,202685,Jonas Valanciunas,TOR,Toronto,1610612761.0,Raptors,202687,Bismack Biyombo,TOR,Toronto,1610612761.0,Raptors,0,,,,,,,,,9:06 PM
381525,284,0,8,347,21500492,,,4:17,3,5.0,5,0,101107,Marvin Williams,CHA,Charlotte,1610612766.0,Hornets,1626163,Frank Kaminsky,CHA,Charlotte,1610612766.0,Hornets,0,,,,,,,,SUB: Kaminsky FOR Williams,9:06 PM
381526,285,12,5,349,21500492,,,4:16,3,5.0,0,1,201587,Nicolas Batum,CHA,Charlotte,1610612766.0,Hornets,0,,,,,,0,,,,,,,,Batum Inbound Turnover (P2.T6),9:06 PM
381527,286,1,2,350,21500492,MISS Ross 24' 3PT Jump Shot,,4:10,3,4.0,0,0,203082,Terrence Ross,TOR,Toronto,1610612761.0,Raptors,0,,,,,,0,,,,,,,,,9:07 PM
381528,287,0,4,351,21500492,Lowry REBOUND (Off:3 Def:2),,4:09,3,4.0,0,0,200768,Kyle Lowry,TOR,Toronto,1610612761.0,Raptors,0,,,,,,0,,,,,,,,,9:07 PM
381529,288,97,1,352,21500492,Lowry 2' Tip Layup Shot (8 PTS),,4:05,3,4.0,0,0,200768,Kyle Lowry,TOR,Toronto,1610612761.0,Raptors,0,,,,,,0,,,,,,70 - 69,-1,,9:07 PM
381530,289,1,6,353,21500492,Ross P.FOUL (P4.T3) (S.Corbin),,3:59,3,4.0,5,1,203082,Terrence Ross,TOR,Toronto,1610612761.0,Raptors,201587,Nicolas Batum,CHA,Charlotte,1610612766.0,Hornets,0,,,,,,,,,9:07 PM
381531,290,1,1,354,21500492,,,3:53,3,5.0,5,0,201587,Nicolas Batum,CHA,Charlotte,1610612766.0,Hornets,1626163,Frank Kaminsky,CHA,Charlotte,1610612766.0,Hornets,0,,,,,,73 - 69,-4,Batum 25' 3PT Jump Shot (12 PTS) (Kaminsky 2 AST),9:07 PM
381532,291,2,6,355,21500492,,,3:46,3,5.0,4,1,1626163,Frank Kaminsky,CHA,Charlotte,1610612766.0,Hornets,201942,DeMar DeRozan,TOR,Toronto,1610612761.0,Raptors,0,,,,,,,,Kaminsky S.FOUL (P2.T2) (S.Corbin),9:08 PM
381533,292,11,3,356,21500492,DeRozan Free Throw 1 of 2 (20 PTS),,3:46,3,4.0,0,0,201942,DeMar DeRozan,TOR,Toronto,1610612761.0,Raptors,0,,,,,,0,,,,,,73 - 70,-3,,9:08 PM
381534,293,0,8,358,21500492,,,3:46,3,5.0,5,0,203798,PJ Hairston,CHA,Charlotte,1610612766.0,Hornets,203087,Jeremy Lamb,CHA,Charlotte,1610612766.0,Hornets,0,,,,,,,,SUB: Lamb FOR Hairston,9:08 PM
381535,294,12,3,359,21500492,DeRozan Free Throw 2 of 2 (21 PTS),,3:46,3,4.0,0,0,201942,DeMar DeRozan,TOR,Toronto,1610612761.0,Raptors,0,,,,,,0,,,,,,73 - 71,-2,,9:08 PM
381536,295,79,1,362,21500492,,,3:26,3,5.0,0,0,202689,Kemba Walker,CHA,Charlotte,1610612766.0,Hornets,0,,,,,,0,,,,,,76 - 71,-5,Walker 26' 3PT Pullup Jump Shot (16 PTS),9:09 PM
381537,296,1,2,363,21500492,MISS Patterson 26' 3PT Jump Shot,,3:12,3,4.0,0,0,202335,Patrick Patterson,TOR,Toronto,1610612761.0,Raptors,0,,,,,,0,,,,,,,,,9:09 PM
381538,297,0,4,364,21500492,Biyombo REBOUND (Off:1 Def:3),,3:11,3,4.0,0,0,202687,Bismack Biyombo,TOR,Toronto,1610612761.0,Raptors,0,,,,,,0,,,,,,,,,9:09 PM
381539,298,1,5,365,21500492,Biyombo Bad Pass Turnover (P1.T7),,3:09,3,4.0,5,0,202687,Bismack Biyombo,TOR,Toronto,1610612761.0,Raptors,202689,Kemba Walker,CHA,Charlotte,1610612766.0,Hornets,0,,,,,,,,Walker STEAL (3 STL),9:09 PM
381540,299,1,6,366,21500492,Lowry P.FOUL (P3.T4) (S.Corbin),,3:09,3,4.0,5,1,200768,Kyle Lowry,TOR,Toronto,1610612761.0,Raptors,202689,Kemba Walker,CHA,Charlotte,1610612766.0,Hornets,0,,,,,,,,,9:09 PM
381541,300,0,8,367,21500492,SUB: Joseph FOR Lowry,,3:09,3,4.0,4,0,200768,Kyle Lowry,TOR,Toronto,1610612761.0,Raptors,202709,Cory Joseph,TOR,Toronto,1610612761.0,Raptors,0,,,,,,,,,9:09 PM
381542,301,1,2,368,21500492,,,2:51,3,5.0,0,0,202689,Kemba Walker,CHA,Charlotte,1610612766.0,Hornets,0,,,,,,0,,,,,,,,MISS Walker 21' Jump Shot,9:10 PM
381543,302,0,4,369,21500492,Biyombo REBOUND (Off:1 Def:4),,2:51,3,4.0,0,0,202687,Bismack Biyombo,TOR,Toronto,1610612761.0,Raptors,0,,,,,,0,,,,,,,,,9:10 PM
381544,303,42,2,370,21500492,MISS Joseph 3' Driving Layup,,2:37,3,4.0,0,0,202709,Cory Joseph,TOR,Toronto,1610612761.0,Raptors,0,,,,,,0,,,,,,,,,9:10 PM
381545,304,0,4,371,21500492,Biyombo REBOUND (Off:2 Def:4),,2:37,3,4.0,0,0,202687,Bismack Biyombo,TOR,Toronto,1610612761.0,Raptors,0,,,,,,0,,,,,,,,,9:10 PM
381546,305,72,2,372,21500492,MISS Biyombo 2' Putback Layup,,2:34,3,4.0,0,5,202687,Bismack Biyombo,TOR,Toronto,1610612761.0,Raptors,0,,,,,,203469,Cody Zeller,CHA,Charlotte,1610612766.0,Hornets,,,Zeller BLOCK (3 BLK),9:10 PM
381547,306,0,4,373,21500492,,,2:33,3,5.0,0,0,202689,Kemba Walker,CHA,Charlotte,1610612766.0,Hornets,0,,,,,,0,,,,,,,,Walker REBOUND (Off:0 Def:3),9:10 PM
381548,307,45,5,374,21500492,,,2:23,3,5.0,0,1,201587,Nicolas Batum,CHA,Charlotte,1610612766.0,Hornets,0,,,,,,0,,,,,,,,Batum Out of Bounds - Bad Pass Turnover Turnover (P3.T7),9:10 PM
381549,308,79,2,375,21500492,MISS DeRozan 10' Pullup Jump Shot,,2:11,3,4.0,0,0,201942,DeMar DeRozan,TOR,Toronto,1610612761.0,Raptors,0,,,,,,0,,,,,,,,,9:11 PM
381550,309,0,4,376,21500492,Patterson REBOUND (Off:1 Def:0),,2:11,3,4.0,0,0,202335,Patrick Patterson,TOR,Toronto,1610612761.0,Raptors,0,,,,,,0,,,,,,,,,9:11 PM
381551,310,45,2,389,21500492,MISS Patterson 4' Jump Shot,,2:00,3,4.0,0,0,202335,Patrick Patterson,TOR,Toronto,1610612761.0,Raptors,0,,,,,,0,,,,,,,,,9:11 PM
381552,311,0,4,386,21500492,Patterson REBOUND (Off:2 Def:0),,2:00,3,4.0,0,0,202335,Patrick Patterson,TOR,Toronto,1610612761.0,Raptors,0,,,,,,0,,,,,,,,,9:11 PM
381553,312,42,2,377,21500492,MISS Joseph 2' Driving Layup,,2:00,3,4.0,0,0,202709,Cory Joseph,TOR,Toronto,1610612761.0,Raptors,0,,,,,,0,,,,,,,,,9:11 PM
381554,313,0,4,378,21500492,,,1:59,3,5.0,0,0,203469,Cody Zeller,CHA,Charlotte,1610612766.0,Hornets,0,,,,,,0,,,,,,,,Zeller REBOUND (Off:4 Def:4),9:11 PM
381555,314,1,6,379,21500492,DeRozan P.FOUL (P2.PN) (M.Boland),,1:42,3,4.0,5,1,201942,DeMar DeRozan,TOR,Toronto,1610612761.0,Raptors,201587,Nicolas Batum,CHA,Charlotte,1610612766.0,Hornets,0,,,,,,,,,9:11 PM
381556,315,11,6,380,21500492,DeRozan T.FOUL (P2.PN) (M.Davis),,1:42,3,4.0,0,1,201942,DeMar DeRozan,TOR,Toronto,1610612761.0,Raptors,0,,,,,,0,,,,,,,,,9:11 PM
381557,316,16,3,381,21500492,,,1:42,3,5.0,0,0,201587,Nicolas Batum,CHA,Charlotte,1610612766.0,Hornets,0,,,,,,0,,,,,,,,MISS Batum Free Throw Technical,9:12 PM
381558,317,1,4,382,21500492,,,1:42,3,3.0,0,0,1610612766,,,,,,0,,,,,,0,,,,,,,,Hornets Rebound,9:12 PM
381559,318,11,3,383,21500492,,,1:42,3,5.0,0,0,201587,Nicolas Batum,CHA,Charlotte,1610612766.0,Hornets,0,,,,,,0,,,,,,77 - 71,-6,Batum Free Throw 1 of 2 (13 PTS),9:12 PM
381560,319,0,8,385,21500492,,,1:42,3,5.0,5,0,203469,Cody Zeller,CHA,Charlotte,1610612766.0,Hornets,201946,Tyler Hansbrough,CHA,Charlotte,1610612766.0,Hornets,0,,,,,,,,SUB: Hansbrough FOR Zeller,9:12 PM
381561,320,0,8,387,21500492,,,1:42,3,5.0,5,0,202689,Kemba Walker,CHA,Charlotte,1610612766.0,Hornets,203148,Brian Roberts,CHA,Charlotte,1610612766.0,Hornets,0,,,,,,,,SUB: Roberts FOR Walker,9:13 PM
381562,321,12,3,388,21500492,,,1:42,3,5.0,0,0,201587,Nicolas Batum,CHA,Charlotte,1610612766.0,Hornets,0,,,,,,0,,,,,,78 - 71,-7,Batum Free Throw 2 of 2 (14 PTS),9:13 PM
381563,322,1,2,391,21500492,MISS Ross  3PT Jump Shot,,1:29,3,4.0,0,0,203082,Terrence Ross,TOR,Toronto,1610612761.0,Raptors,0,,,,,,0,,,,,,,,,9:13 PM
381564,323,0,4,392,21500492,RAPTORS Rebound,,1:29,3,2.0,0,0,1610612761,,,,,,0,,,,,,0,,,,,,,,,9:13 PM
381565,324,3,6,393,21500492,,,1:29,3,5.0,4,1,201587,Nicolas Batum,CHA,Charlotte,1610612766.0,Hornets,202687,Bismack Biyombo,TOR,Toronto,1610612761.0,Raptors,0,,,,,,,,Batum L.B.FOUL (P1.T3) (M.Boland),9:13 PM
381566,325,40,5,396,21500492,Biyombo Out of Bounds Lost Ball Turnover (P2.T8),,1:20,3,4.0,0,1,202687,Bismack Biyombo,TOR,Toronto,1610612761.0,Raptors,0,,,,,,0,,,,,,,,,9:13 PM
381567,326,79,1,398,21500492,,,1:03,3,5.0,0,0,1626163,Frank Kaminsky,CHA,Charlotte,1610612766.0,Hornets,0,,,,,,0,,,,,,80 - 71,-9,Kaminsky 6' Pullup Jump Shot (11 PTS),9:14 PM
381568,327,1,1,399,21500492,Patterson 24' 3PT Jump Shot (8 PTS) (Joseph 3 AST),,0:46,3,4.0,4,0,202335,Patrick Patterson,TOR,Toronto,1610612761.0,Raptors,202709,Cory Joseph,TOR,Toronto,1610612761.0,Raptors,0,,,,,,80 - 74,-6,,9:14 PM
381569,328,1,2,400,21500492,,,0:32,3,5.0,0,0,203148,Brian Roberts,CHA,Charlotte,1610612766.0,Hornets,0,,,,,,0,,,,,,,,MISS Roberts 24' 3PT Jump Shot,9:14 PM
381570,329,0,4,401,21500492,Patterson REBOUND (Off:2 Def:1),,0:32,3,4.0,0,0,202335,Patrick Patterson,TOR,Toronto,1610612761.0,Raptors,0,,,,,,0,,,,,,,,,9:14 PM
381571,330,1,2,402,21500492,MISS Ross 25' 3PT Jump Shot,,0:12,3,4.0,0,0,203082,Terrence Ross,TOR,Toronto,1610612761.0,Raptors,0,,,,,,0,,,,,,,,,9:15 PM
381572,331,0,4,403,21500492,,,0:11,3,5.0,0,0,203087,Jeremy Lamb,CHA,Charlotte,1610612766.0,Hornets,0,,,,,,0,,,,,,,,Lamb REBOUND (Off:1 Def:3),9:15 PM
381573,332,42,1,404,21500492,,,0:01,3,5.0,0,0,203148,Brian Roberts,CHA,Charlotte,1610612766.0,Hornets,0,,,,,,0,,,,,,82 - 74,-8,Roberts 2' Driving Layup (8 PTS),9:15 PM
381574,333,1,18,406,21500492,,,0:00,3,,0,1,354,,,,,,0,,,,,,0,,,,,,,,,9:15 PM
381575,334,0,13,407,21500492,,,0:00,3,0.0,0,0,0,,,,,,0,,,,,,0,,,,,,82 - 74,-8,,9:16 PM
381576,335,0,12,409,21500492,,,12:00,4,0.0,0,0,0,,,,,,0,,,,,,0,,,,,,82 - 74,-8,,9:18 PM
381577,336,1,1,410,21500492,Patterson 24' 3PT Jump Shot (11 PTS) (Lowry 9 AST),,11:47,4,4.0,4,0,202335,Patrick Patterson,TOR,Toronto,1610612761.0,Raptors,200768,Kyle Lowry,TOR,Toronto,1610612761.0,Raptors,0,,,,,,82 - 77,-5,,9:18 PM
381578,337,98,2,412,21500492,Biyombo BLOCK (3 BLK),,11:26,4,5.0,0,4,201946,Tyler Hansbrough,CHA,Charlotte,1610612766.0,Hornets,0,,,,,,202687,Bismack Biyombo,TOR,Toronto,1610612761.0,Raptors,,,MISS Hansbrough 4' Cutting Layup Shot,9:19 PM
381579,338,0,4,413,21500492,,,11:26,4,3.0,0,0,1610612766,,,,,,0,,,,,,0,,,,,,,,Hornets Rebound,9:19 PM
381580,339,52,2,414,21500492,,,11:22,4,5.0,0,0,203087,Jeremy Lamb,CHA,Charlotte,1610612766.0,Hornets,0,,,,,,0,,,,,,,,MISS Lamb 2' Alley Oop Dunk,9:19 PM
381581,340,0,4,415,21500492,,,11:22,4,5.0,0,0,203148,Brian Roberts,CHA,Charlotte,1610612766.0,Hornets,0,,,,,,0,,,,,,,,Roberts REBOUND (Off:1 Def:1),9:19 PM
381582,341,1,2,416,21500492,,,11:18,4,5.0,0,0,203148,Brian Roberts,CHA,Charlotte,1610612766.0,Hornets,0,,,,,,0,,,,,,,,MISS Roberts 25' 3PT Jump Shot,9:19 PM
381583,342,0,4,417,21500492,Patterson REBOUND (Off:2 Def:2),,11:17,4,4.0,0,0,202335,Patrick Patterson,TOR,Toronto,1610612761.0,Raptors,0,,,,,,0,,,,,,,,,9:19 PM
381584,343,1,2,418,21500492,MISS Ross 20' Jump Shot,,11:11,4,4.0,0,0,203082,Terrence Ross,TOR,Toronto,1610612761.0,Raptors,0,,,,,,0,,,,,,,,,9:19 PM
381585,344,0,4,419,21500492,RAPTORS Rebound,,11:11,4,2.0,0,0,1610612761,,,,,,0,,,,,,0,,,,,,,,,9:19 PM
381586,345,3,6,420,21500492,,,11:11,4,5.0,4,1,201946,Tyler Hansbrough,CHA,Charlotte,1610612766.0,Hornets,202687,Bismack Biyombo,TOR,Toronto,1610612761.0,Raptors,0,,,,,,,,Hansbrough L.B.FOUL (P2.T1) (M.Boland),9:19 PM
381587,346,2,6,421,21500492,,,11:03,4,5.0,4,1,1626163,Frank Kaminsky,CHA,Charlotte,1610612766.0,Hornets,202687,Bismack Biyombo,TOR,Toronto,1610612761.0,Raptors,0,,,,,,,,Kaminsky S.FOUL (P3.T2) (S.Corbin),9:20 PM
381588,347,11,3,422,21500492,Biyombo Free Throw 1 of 2 (3 PTS),,11:03,4,4.0,0,0,202687,Bismack Biyombo,TOR,Toronto,1610612761.0,Raptors,0,,,,,,0,,,,,,82 - 78,-4,,9:20 PM
381589,348,12,3,424,21500492,Biyombo Free Throw 2 of 2 (4 PTS),,11:03,4,4.0,0,0,202687,Bismack Biyombo,TOR,Toronto,1610612761.0,Raptors,0,,,,,,0,,,,,,82 - 79,-3,,9:21 PM
381590,349,1,2,427,21500492,,,10:45,4,5.0,0,0,1626163,Frank Kaminsky,CHA,Charlotte,1610612766.0,Hornets,0,,,,,,0,,,,,,,,MISS Kaminsky 24' 3PT Jump Shot,9:21 PM
381591,350,0,4,428,21500492,Ross REBOUND (Off:0 Def:1),,10:44,4,4.0,0,0,203082,Terrence Ross,TOR,Toronto,1610612761.0,Raptors,0,,,,,,0,,,,,,,,,9:21 PM
381592,351,45,5,429,21500492,Lowry Out of Bounds - Bad Pass Turnover Turnover (P4.T9),,10:39,4,4.0,0,1,200768,Kyle Lowry,TOR,Toronto,1610612761.0,Raptors,0,,,,,,0,,,,,,,,,9:21 PM
381593,352,4,6,430,21500492,,,10:31,4,5.0,4,1,201587,Nicolas Batum,CHA,Charlotte,1610612766.0,Hornets,203082,Terrence Ross,TOR,Toronto,1610612761.0,Raptors,0,,,,,,,,Batum OFF.Foul (P2) (S.Corbin),9:22 PM
381594,353,5,5,431,21500492,,,10:31,4,5.0,0,1,201587,Nicolas Batum,CHA,Charlotte,1610612766.0,Hornets,0,,,,,,0,,,,,,,,Batum Foul Turnover (P4.T8),9:22 PM
381595,354,1,1,432,21500492,Patterson 25' 3PT Jump Shot (14 PTS) (Joseph 4 AST),,10:20,4,4.0,4,0,202335,Patrick Patterson,TOR,Toronto,1610612761.0,Raptors,202709,Cory Joseph,TOR,Toronto,1610612761.0,Raptors,0,,,,,,82 - 82,TIE,,9:22 PM
381596,355,4,5,433,21500492,,,10:04,4,5.0,0,1,201946,Tyler Hansbrough,CHA,Charlotte,1610612766.0,Hornets,0,,,,,,0,,,,,,,,Hansbrough Traveling Turnover (P1.T9),9:22 PM
381597,356,2,5,434,21500492,Patterson Lost Ball Turnover (P1.T10),,9:48,4,4.0,5,0,202335,Patrick Patterson,TOR,Toronto,1610612761.0,Raptors,1626163,Frank Kaminsky,CHA,Charlotte,1610612766.0,Hornets,0,,,,,,,,Kaminsky STEAL (2 STL),9:23 PM
381598,357,76,1,435,21500492,,,9:42,4,5.0,0,0,1626163,Frank Kaminsky,CHA,Charlotte,1610612766.0,Hornets,0,,,,,,0,,,,,,84 - 82,-2,Kaminsky 2' Running Finger Roll Layup (13 PTS),9:23 PM
381599,358,2,5,436,21500492,Lowry Lost Ball Turnover (P5.T11),,9:32,4,4.0,5,0,200768,Kyle Lowry,TOR,Toronto,1610612761.0,Raptors,1626163,Frank Kaminsky,CHA,Charlotte,1610612766.0,Hornets,0,,,,,,,,Kaminsky STEAL (3 STL),9:23 PM
381600,359,47,2,437,21500492,,,9:17,4,5.0,0,0,201587,Nicolas Batum,CHA,Charlotte,1610612766.0,Hornets,0,,,,,,0,,,,,,,,MISS Batum 16' Turnaround Jump Shot,9:23 PM
381601,360,0,4,438,21500492,Patterson REBOUND (Off:2 Def:3),,9:16,4,4.0,0,0,202335,Patrick Patterson,TOR,Toronto,1610612761.0,Raptors,0,,,,,,0,,,,,,,,,9:23 PM
381602,361,1,1,439,21500492,Biyombo 2' Jump Shot (6 PTS) (Patterson 1 AST),,9:06,4,4.0,4,0,202687,Bismack Biyombo,TOR,Toronto,1610612761.0,Raptors,202335,Patrick Patterson,TOR,Toronto,1610612761.0,Raptors,0,,,,,,84 - 84,TIE,,9:24 PM
381603,362,1,9,440,21500492,,,9:06,4,3.0,0,0,1610612766,,,,,,0,,,,,,0,,,,,,,,Hornets Timeout: Regular (Reg.4 Short 1),9:24 PM
381604,363,0,8,443,21500492,,,9:06,4,5.0,5,0,201587,Nicolas Batum,CHA,Charlotte,1610612766.0,Hornets,202689,Kemba Walker,CHA,Charlotte,1610612766.0,Hornets,0,,,,,,,,SUB: Walker FOR Batum,9:26 PM
381605,364,47,2,444,21500492,,,8:50,4,5.0,0,0,1626163,Frank Kaminsky,CHA,Charlotte,1610612766.0,Hornets,0,,,,,,0,,,,,,,,MISS Kaminsky 8' Turnaround Jump Shot,9:26 PM
381606,365,0,4,445,21500492,Biyombo REBOUND (Off:2 Def:5),,8:50,4,4.0,0,0,202687,Bismack Biyombo,TOR,Toronto,1610612761.0,Raptors,0,,,,,,0,,,,,,,,,9:26 PM
381607,366,79,2,446,21500492,MISS Ross 21' Pullup Jump Shot,,8:36,4,4.0,0,0,203082,Terrence Ross,TOR,Toronto,1610612761.0,Raptors,0,,,,,,0,,,,,,,,,9:26 PM
381608,367,0,4,447,21500492,RAPTORS Rebound,,8:36,4,2.0,0,0,1610612761,,,,,,0,,,,,,0,,,,,,,,,9:26 PM
381609,368,3,6,448,21500492,,,8:36,4,5.0,4,1,201946,Tyler Hansbrough,CHA,Charlotte,1610612766.0,Hornets,202687,Bismack Biyombo,TOR,Toronto,1610612761.0,Raptors,0,,,,,,,,Hansbrough L.B.FOUL (P3.T3) (S.Corbin),9:27 PM
381610,369,0,8,449,21500492,,,8:36,4,5.0,5,0,201946,Tyler Hansbrough,CHA,Charlotte,1610612766.0,Hornets,203469,Cody Zeller,CHA,Charlotte,1610612766.0,Hornets,0,,,,,,,,SUB: Zeller FOR Hansbrough,9:27 PM
381611,370,1,1,450,21500492,Lowry 25' 3PT Jump Shot (11 PTS) (Joseph 5 AST),,8:30,4,4.0,4,0,200768,Kyle Lowry,TOR,Toronto,1610612761.0,Raptors,202709,Cory Joseph,TOR,Toronto,1610612761.0,Raptors,0,,,,,,84 - 87,3,,9:27 PM
381612,371,79,1,451,21500492,,,8:01,4,5.0,0,0,202689,Kemba Walker,CHA,Charlotte,1610612766.0,Hornets,0,,,,,,0,,,,,,86 - 87,1,Walker 14' Pullup Jump Shot (18 PTS),9:27 PM
381613,372,42,1,452,21500492,Lowry 1' Driving Layup (13 PTS),,7:46,4,4.0,0,0,200768,Kyle Lowry,TOR,Toronto,1610612761.0,Raptors,0,,,,,,0,,,,,,86 - 89,3,,9:28 PM
381614,373,1,6,453,21500492,Patterson P.FOUL (P2.T1) (M.Boland),,7:37,4,4.0,5,1,202335,Patrick Patterson,TOR,Toronto,1610612761.0,Raptors,203087,Jeremy Lamb,CHA,Charlotte,1610612766.0,Hornets,0,,,,,,,,,9:28 PM
381615,374,101,2,454,21500492,,,7:29,4,5.0,0,0,202689,Kemba Walker,CHA,Charlotte,1610612766.0,Hornets,0,,,,,,0,,,,,,,,MISS Walker 16' Driving Floating Jump Shot,9:28 PM
381616,375,0,4,455,21500492,Ross REBOUND (Off:0 Def:2),,7:29,4,4.0,0,0,203082,Terrence Ross,TOR,Toronto,1610612761.0,Raptors,0,,,,,,0,,,,,,,,,9:28 PM
381617,376,8,5,457,21500492,Biyombo 3 Second Violation Turnover (P3.T12),,7:19,4,4.0,0,1,202687,Bismack Biyombo,TOR,Toronto,1610612761.0,Raptors,0,,,,,,0,,,,,,,,,9:29 PM
381618,377,1,6,459,21500492,Patterson P.FOUL (P3.T2) (M.Boland),,7:07,4,4.0,5,1,202335,Patrick Patterson,TOR,Toronto,1610612761.0,Raptors,1626163,Frank Kaminsky,CHA,Charlotte,1610612766.0,Hornets,0,,,,,,,,,9:29 PM
381619,378,1,7,460,21500492,RAPTORS Violation: Delay of game Violation,,7:07,4,2.0,0,1,1610612761,,,,,,0,,,,,,0,,,,,,,,,9:29 PM
381620,379,93,2,461,21500492,,,6:54,4,5.0,0,0,203087,Jeremy Lamb,CHA,Charlotte,1610612766.0,Hornets,0,,,,,,0,,,,,,,,MISS Lamb 2' Driving Bank Hook Shot,9:29 PM
381621,380,0,4,462,21500492,Ross REBOUND (Off:0 Def:3),,6:54,4,4.0,0,0,203082,Terrence Ross,TOR,Toronto,1610612761.0,Raptors,0,,,,,,0,,,,,,,,,9:29 PM
381622,381,1,2,463,21500492,MISS Lowry  3PT Jump Shot,,6:42,4,4.0,0,0,200768,Kyle Lowry,TOR,Toronto,1610612761.0,Raptors,0,,,,,,0,,,,,,,,,9:30 PM
381623,382,0,4,464,21500492,,,6:41,4,5.0,0,0,203087,Jeremy Lamb,CHA,Charlotte,1610612766.0,Hornets,0,,,,,,0,,,,,,,,Lamb REBOUND (Off:1 Def:4),9:30 PM
381624,383,81,2,465,21500492,,,6:33,4,5.0,0,0,203087,Jeremy Lamb,CHA,Charlotte,1610612766.0,Hornets,0,,,,,,0,,,,,,,,MISS Lamb 24' 3PT Pullup Bank Shot,9:30 PM
381625,384,0,4,466,21500492,Patterson REBOUND (Off:2 Def:4),,6:32,4,4.0,0,0,202335,Patrick Patterson,TOR,Toronto,1610612761.0,Raptors,0,,,,,,0,,,,,,,,,9:30 PM
381626,385,57,2,467,21500492,MISS Lowry 5' Driving Hook Shot,,6:22,4,4.0,0,0,200768,Kyle Lowry,TOR,Toronto,1610612761.0,Raptors,0,,,,,,0,,,,,,,,,9:30 PM
381627,386,0,4,468,21500492,Ross REBOUND (Off:1 Def:3),,6:22,4,4.0,0,0,203082,Terrence Ross,TOR,Toronto,1610612761.0,Raptors,0,,,,,,0,,,,,,,,,9:30 PM
381628,387,1,1,469,21500492,Ross 26' 3PT Jump Shot (6 PTS) (Joseph 6 AST),,6:15,4,4.0,4,0,203082,Terrence Ross,TOR,Toronto,1610612761.0,Raptors,202709,Cory Joseph,TOR,Toronto,1610612761.0,Raptors,0,,,,,,86 - 92,6,,9:30 PM
381629,388,2,9,470,21500492,,,6:14,4,3.0,0,0,1610612766,,,,,,0,,,,,,0,,,,,,,,Hornets Timeout: Short (Reg.4 Short 2),9:30 PM
381630,389,0,8,473,21500492,,,6:14,4,5.0,5,0,1626163,Frank Kaminsky,CHA,Charlotte,1610612766.0,Hornets,201587,Nicolas Batum,CHA,Charlotte,1610612766.0,Hornets,0,,,,,,,,SUB: Batum FOR Kaminsky,9:31 PM
381631,390,0,8,474,21500492,,,6:14,4,5.0,5,0,203148,Brian Roberts,CHA,Charlotte,1610612766.0,Hornets,101107,Marvin Williams,CHA,Charlotte,1610612766.0,Hornets,0,,,,,,,,SUB: Williams FOR Roberts,9:31 PM
381632,391,29,6,475,21500492,Biyombo Shooting Block Foul (P1.T3) (S.Corbin),,5:56,4,4.0,5,1,202687,Bismack Biyombo,TOR,Toronto,1610612761.0,Raptors,101107,Marvin Williams,CHA,Charlotte,1610612766.0,Hornets,0,,,,,,,,,9:32 PM
381633,392,4,9,476,21500492,,,5:56,4,1.0,0,0,0,,,,,,0,,,,,,0,,,,,,,,,9:32 PM
381634,393,0,8,479,21500492,SUB: DeRozan FOR Joseph,,5:56,4,4.0,4,0,202709,Cory Joseph,TOR,Toronto,1610612761.0,Raptors,201942,DeMar DeRozan,TOR,Toronto,1610612761.0,Raptors,0,,,,,,,,,9:34 PM
381635,394,11,3,480,21500492,,,5:56,4,5.0,0,0,101107,Marvin Williams,CHA,Charlotte,1610612766.0,Hornets,0,,,,,,0,,,,,,87 - 92,5,Williams Free Throw 1 of 2 (10 PTS),9:34 PM
381636,395,12,3,482,21500492,,,5:56,4,5.0,0,0,101107,Marvin Williams,CHA,Charlotte,1610612766.0,Hornets,0,,,,,,0,,,,,,88 - 92,4,Williams Free Throw 2 of 2 (11 PTS),9:35 PM
381637,396,49,1,485,21500492,Ross  Driving Dunk (8 PTS) (Lowry 10 AST),,5:44,4,4.0,4,0,203082,Terrence Ross,TOR,Toronto,1610612761.0,Raptors,200768,Kyle Lowry,TOR,Toronto,1610612761.0,Raptors,0,,,,,,88 - 94,6,,9:35 PM
381638,397,1,1,486,21500492,,,5:15,4,5.0,5,0,101107,Marvin Williams,CHA,Charlotte,1610612766.0,Hornets,201587,Nicolas Batum,CHA,Charlotte,1610612766.0,Hornets,0,,,,,,91 - 94,3,Williams 25' 3PT Jump Shot (14 PTS) (Batum 6 AST),9:36 PM
381639,398,1,2,487,21500492,MISS Ross 24' 3PT Jump Shot,,4:54,4,4.0,0,0,203082,Terrence Ross,TOR,Toronto,1610612761.0,Raptors,0,,,,,,0,,,,,,,,,9:36 PM
381640,399,0,4,488,21500492,,,4:54,4,5.0,0,0,201587,Nicolas Batum,CHA,Charlotte,1610612766.0,Hornets,0,,,,,,0,,,,,,,,Batum REBOUND (Off:0 Def:3),9:36 PM
381641,400,1,1,489,21500492,,,4:45,4,5.0,5,0,101107,Marvin Williams,CHA,Charlotte,1610612766.0,Hornets,201587,Nicolas Batum,CHA,Charlotte,1610612766.0,Hornets,0,,,,,,94 - 94,TIE,Williams 24' 3PT Jump Shot (17 PTS) (Batum 7 AST),9:36 PM
381642,401,101,2,491,21500492,MISS DeRozan 8' Driving Floating Jump Shot,,4:19,4,4.0,0,0,201942,DeMar DeRozan,TOR,Toronto,1610612761.0,Raptors,0,,,,,,0,,,,,,,,,9:37 PM
381643,402,0,4,492,21500492,,,4:18,4,5.0,0,0,203469,Cody Zeller,CHA,Charlotte,1610612766.0,Hornets,0,,,,,,0,,,,,,,,Zeller REBOUND (Off:4 Def:5),9:37 PM
381644,403,66,2,493,21500492,,,4:07,4,5.0,0,0,101107,Marvin Williams,CHA,Charlotte,1610612766.0,Hornets,0,,,,,,0,,,,,,,,MISS Williams 24' 3PT Jump Bank Shot,9:37 PM
381645,404,0,4,494,21500492,,,4:06,4,5.0,0,0,203087,Jeremy Lamb,CHA,Charlotte,1610612766.0,Hornets,0,,,,,,0,,,,,,,,Lamb REBOUND (Off:2 Def:4),9:37 PM
381646,405,1,6,495,21500492,Lowry P.FOUL (P4.T4) (M.Boland),,4:03,4,4.0,5,1,200768,Kyle Lowry,TOR,Toronto,1610612761.0,Raptors,101107,Marvin Williams,CHA,Charlotte,1610612766.0,Hornets,0,,,,,,,,,9:37 PM
381647,406,0,8,496,21500492,SUB: Carroll FOR Patterson,,4:03,4,4.0,4,0,202335,Patrick Patterson,TOR,Toronto,1610612761.0,Raptors,201960,DeMarre Carroll,TOR,Toronto,1610612761.0,Raptors,0,,,,,,,,,9:37 PM
381648,407,79,2,497,21500492,,,3:40,4,5.0,0,0,202689,Kemba Walker,CHA,Charlotte,1610612766.0,Hornets,0,,,,,,0,,,,,,,,MISS Walker 18' Pullup Jump Shot,9:38 PM
381649,408,0,4,498,21500492,Biyombo REBOUND (Off:2 Def:6),,3:40,4,4.0,0,0,202687,Bismack Biyombo,TOR,Toronto,1610612761.0,Raptors,0,,,,,,0,,,,,,,,,9:38 PM
381650,409,80,1,499,21500492,Lowry 24' 3PT Step Back Jump Shot (16 PTS),,3:28,4,4.0,0,0,200768,Kyle Lowry,TOR,Toronto,1610612761.0,Raptors,0,,,,,,0,,,,,,94 - 97,3,,9:38 PM
381651,410,101,2,500,21500492,,,3:05,4,5.0,0,0,203087,Jeremy Lamb,CHA,Charlotte,1610612766.0,Hornets,0,,,,,,0,,,,,,,,MISS Lamb 16' Driving Floating Jump Shot,9:39 PM
381652,411,0,4,501,21500492,Biyombo REBOUND (Off:2 Def:7),,3:04,4,4.0,0,0,202687,Bismack Biyombo,TOR,Toronto,1610612761.0,Raptors,0,,,,,,0,,,,,,,,,9:39 PM
381653,412,1,1,502,21500492,Carroll 24' 3PT Jump Shot (14 PTS) (Lowry 11 AST),,2:54,4,4.0,4,0,201960,DeMarre Carroll,TOR,Toronto,1610612761.0,Raptors,200768,Kyle Lowry,TOR,Toronto,1610612761.0,Raptors,0,,,,,,94 - 100,6,,9:39 PM
381654,413,1,9,503,21500492,,,2:53,4,3.0,0,0,1610612766,,,,,,0,,,,,,0,,,,,,,,Hornets Timeout: Regular (Reg.5 Short 2),9:39 PM
381655,414,86,2,507,21500492,,,2:29,4,5.0,0,0,101107,Marvin Williams,CHA,Charlotte,1610612766.0,Hornets,0,,,,,,0,,,,,,,,MISS Williams 17' Turnaround Fadeaway Shot,9:42 PM
381656,415,0,4,508,21500492,Biyombo REBOUND (Off:2 Def:8),,2:29,4,4.0,0,0,202687,Bismack Biyombo,TOR,Toronto,1610612761.0,Raptors,0,,,,,,0,,,,,,,,,9:42 PM
381657,416,2,5,509,21500492,Lowry Lost Ball Turnover (P6.T13),,2:11,4,4.0,5,0,200768,Kyle Lowry,TOR,Toronto,1610612761.0,Raptors,202689,Kemba Walker,CHA,Charlotte,1610612766.0,Hornets,0,,,,,,,,Walker STEAL (4 STL),9:42 PM
381658,417,1,5,510,21500492,Carroll STEAL (2 STL),,2:02,4,5.0,4,0,202689,Kemba Walker,CHA,Charlotte,1610612766.0,Hornets,201960,DeMarre Carroll,TOR,Toronto,1610612761.0,Raptors,0,,,,,,,,Walker Bad Pass Turnover (P2.T10),9:42 PM
381659,418,46,2,511,21500492,MISS Carroll 24' 3PT Running Jump Shot,,1:56,4,4.0,0,0,201960,DeMarre Carroll,TOR,Toronto,1610612761.0,Raptors,0,,,,,,0,,,,,,,,,9:42 PM
381660,419,0,4,512,21500492,,,1:54,4,5.0,0,0,201587,Nicolas Batum,CHA,Charlotte,1610612766.0,Hornets,0,,,,,,0,,,,,,,,Batum REBOUND (Off:0 Def:4),9:42 PM
381661,420,79,2,513,21500492,,,1:43,4,5.0,0,0,203087,Jeremy Lamb,CHA,Charlotte,1610612766.0,Hornets,0,,,,,,0,,,,,,,,MISS Lamb 25' 3PT Pullup Jump Shot,9:43 PM
381662,421,0,4,514,21500492,Ross REBOUND (Off:1 Def:4),,1:42,4,4.0,0,0,203082,Terrence Ross,TOR,Toronto,1610612761.0,Raptors,0,,,,,,0,,,,,,,,,9:43 PM
381663,422,86,2,515,21500492,MISS Lowry 15' Turnaround Fadeaway Shot,,1:21,4,4.0,0,0,200768,Kyle Lowry,TOR,Toronto,1610612761.0,Raptors,0,,,,,,0,,,,,,,,,9:43 PM
381664,423,0,4,516,21500492,,,1:20,4,3.0,0,0,1610612766,,,,,,0,,,,,,0,,,,,,,,Hornets Rebound,9:43 PM
381665,424,101,2,517,21500492,Biyombo BLOCK (4 BLK),,1:09,4,5.0,0,4,202689,Kemba Walker,CHA,Charlotte,1610612766.0,Hornets,0,,,,,,202687,Bismack Biyombo,TOR,Toronto,1610612761.0,Raptors,,,MISS Walker 2' Driving Floating Jump Shot,9:43 PM
381666,425,0,4,518,21500492,Biyombo REBOUND (Off:2 Def:9),,1:08,4,4.0,0,0,202687,Bismack Biyombo,TOR,Toronto,1610612761.0,Raptors,0,,,,,,0,,,,,,,,,9:43 PM
381667,426,1,9,519,21500492,RAPTORS Timeout: Regular (Full 4 Short 1),,1:06,4,2.0,0,0,1610612761,,,,,,0,,,,,,0,,,,,,,,,9:43 PM
381668,427,0,8,521,21500492,,,1:06,4,5.0,5,0,203087,Jeremy Lamb,CHA,Charlotte,1610612766.0,Hornets,1626163,Frank Kaminsky,CHA,Charlotte,1610612766.0,Hornets,0,,,,,,,,SUB: Kaminsky FOR Lamb,9:45 PM
381669,428,0,8,523,21500492,SUB: Valanciunas FOR Biyombo,,1:06,4,4.0,4,0,202687,Bismack Biyombo,TOR,Toronto,1610612761.0,Raptors,202685,Jonas Valanciunas,TOR,Toronto,1610612761.0,Raptors,0,,,,,,,,,9:45 PM
381670,429,101,2,524,21500492,MISS DeRozan 6' Driving Floating Jump Shot,,0:49,4,4.0,0,0,201942,DeMar DeRozan,TOR,Toronto,1610612761.0,Raptors,0,,,,,,0,,,,,,,,,9:46 PM
381671,430,0,4,525,21500492,Valanciunas REBOUND (Off:7 Def:5),,0:48,4,4.0,0,0,202685,Jonas Valanciunas,TOR,Toronto,1610612761.0,Raptors,0,,,,,,0,,,,,,,,,9:46 PM
381672,431,97,2,526,21500492,MISS Valanciunas 2' Tip Layup Shot,,0:46,4,4.0,0,0,202685,Jonas Valanciunas,TOR,Toronto,1610612761.0,Raptors,0,,,,,,0,,,,,,,,,9:46 PM
381673,432,0,4,527,21500492,,,0:45,4,5.0,0,0,202689,Kemba Walker,CHA,Charlotte,1610612766.0,Hornets,0,,,,,,0,,,,,,,,Walker REBOUND (Off:0 Def:4),9:46 PM
381674,433,1,5,528,21500492,Lowry STEAL (2 STL),,0:41,4,5.0,4,0,201587,Nicolas Batum,CHA,Charlotte,1610612766.0,Hornets,200768,Kyle Lowry,TOR,Toronto,1610612761.0,Raptors,0,,,,,,,,Batum Bad Pass Turnover (P5.T11),9:46 PM
381675,434,1,6,529,21500492,,,0:30,4,5.0,4,1,1626163,Frank Kaminsky,CHA,Charlotte,1610612766.0,Hornets,200768,Kyle Lowry,TOR,Toronto,1610612761.0,Raptors,0,,,,,,,,Kaminsky P.FOUL (P4.T4) (M.Boland),9:46 PM
381676,435,0,8,531,21500492,,,0:30,4,5.0,5,0,1626163,Frank Kaminsky,CHA,Charlotte,1610612766.0,Hornets,203798,PJ Hairston,CHA,Charlotte,1610612766.0,Hornets,0,,,,,,,,SUB: Hairston FOR Kaminsky,9:47 PM
381677,436,2,9,532,21500492,RAPTORS Timeout: Short (Full 4 Short 2),,0:30,4,2.0,0,0,1610612761,,,,,,0,,,,,,0,,,,,,,,,9:47 PM
381678,437,1,6,535,21500492,,,0:29,4,5.0,4,1,101107,Marvin Williams,CHA,Charlotte,1610612766.0,Hornets,201942,DeMar DeRozan,TOR,Toronto,1610612761.0,Raptors,0,,,,,,,,Williams P.FOUL (P2.PN) (M.Boland),9:48 PM
381679,438,11,3,536,21500492,DeRozan Free Throw 1 of 2 (22 PTS),,0:29,4,4.0,0,0,201942,DeMar DeRozan,TOR,Toronto,1610612761.0,Raptors,0,,,,,,0,,,,,,94 - 101,7,,9:48 PM
381680,439,12,3,538,21500492,DeRozan Free Throw 2 of 2 (23 PTS),,0:29,4,4.0,0,0,201942,DeMar DeRozan,TOR,Toronto,1610612761.0,Raptors,0,,,,,,0,,,,,,94 - 102,8,,9:49 PM
381681,440,79,2,540,21500492,,,0:18,4,5.0,0,0,202689,Kemba Walker,CHA,Charlotte,1610612766.0,Hornets,0,,,,,,0,,,,,,,,MISS Walker 25' 3PT Pullup Jump Shot,9:49 PM
381682,441,0,4,541,21500492,Lowry REBOUND (Off:3 Def:3),,0:18,4,4.0,0,0,200768,Kyle Lowry,TOR,Toronto,1610612761.0,Raptors,0,,,,,,0,,,,,,,,,9:49 PM
381683,442,1,6,542,21500492,,,0:16,4,5.0,4,1,202689,Kemba Walker,CHA,Charlotte,1610612766.0,Hornets,200768,Kyle Lowry,TOR,Toronto,1610612761.0,Raptors,0,,,,,,,,Walker P.FOUL (P1.PN) (M.Boland),9:49 PM
381684,443,11,3,543,21500492,Lowry Free Throw 1 of 2 (17 PTS),,0:16,4,4.0,0,0,200768,Kyle Lowry,TOR,Toronto,1610612761.0,Raptors,0,,,,,,0,,,,,,94 - 103,9,,9:49 PM
381685,444,12,3,545,21500492,Lowry Free Throw 2 of 2 (18 PTS),,0:16,4,4.0,0,0,200768,Kyle Lowry,TOR,Toronto,1610612761.0,Raptors,0,,,,,,0,,,,,,94 - 104,10,,9:50 PM
381686,445,1,2,548,21500492,,,0:06,4,5.0,0,0,203798,PJ Hairston,CHA,Charlotte,1610612766.0,Hornets,0,,,,,,0,,,,,,,,MISS Hairston 25' 3PT Jump Shot,9:50 PM
381687,446,0,4,549,21500492,Ross REBOUND (Off:1 Def:5),,0:04,4,4.0,0,0,203082,Terrence Ross,TOR,Toronto,1610612761.0,Raptors,0,,,,,,0,,,,,,,,,9:50 PM
381688,447,0,13,550,21500492,,,0:00,4,0.0,0,0,0,,,,,,0,,,,,,0,,,,,,94 - 104,10,,9:50 PM
